sale_service_id,sale_control_point,data_owner,scope,report_day
01GKN1A,Priority,BSO,interpipes,20/07/2023
01GKN8P,Priority,BSO,interpipes,20/07/2023
01GTL33,Priority,EMEA/APAC COE,interpipes,20/07/2023
01GN2EK,Priority,EMEA/APAC COE,interpipes,20/07/2023
01GN2HR,Priority,EMEA/APAC COE,interpipes,20/07/2023
01GTY6J,71 BE,OPS,interpipes,20/07/2023
01GJNW4,71 BE,OPS,interpipes,20/07/2023
01GJNW5,71 BE,OPS,interpipes,20/07/2023
01GU4U9,71 BE,EMEA/APAC COE,interpipes,20/07/2023
01GQMQU,71 BE,EMEA/APAC COE,interpipes,20/07/2023
01GU4FY,71 BE,EMEA/APAC COE,interpipes,20/07/2023
01GQTU4,71 BE,EMEA/APAC COE,interpipes,20/07/2023
01GU4TU,71 BE,EMEA/APAC COE,interpipes,20/07/2023
01GU4ER,71 BE,EMEA/APAC COE,interpipes,20/07/2023
01GU50U,71 BE,EMEA/APAC COE,interpipes,20/07/2023
01GU4FW,71 BE,EMEA/APAC COE,interpipes,20/07/2023
01GU4FG,71 BE,EMEA/APAC COE,interpipes,20/07/2023
01GU54U,71 BE,EMEA/APAC COE,interpipes,20/07/2023
01GU4TQ,71 BE,EMEA/APAC COE,interpipes,20/07/2023
01GU4U5,71 BE,EMEA/APAC COE,interpipes,20/07/2023
01GQH6F,71 BE,EMEA/APAC COE,interpipes,20/07/2023
01GUT1Q,71 BE,EMEA/APAC COE,interpipes,20/07/2023
01GKJKY,71 BE,EMEA/APAC COE,interpipes,20/07/2023
01GQH6Q,71 BE,EMEA/APAC COE,interpipes,20/07/2023
01GKRT3,71 BE,EMEA/APAC COE,interpipes,20/07/2023
01GQH6X,71 BE,EMEA/APAC COE,interpipes,20/07/2023
01GQH72,71 BE,EMEA/APAC COE,interpipes,20/07/2023
01GTTK1,71 BE,EMEA/APAC COE,interpipes,20/07/2023
01GTTJP,71 BE,EMEA/APAC COE,interpipes,20/07/2023
01GTTHW,71 BE,EMEA/APAC COE,interpipes,20/07/2023
01GQMQA,71 BE,EMEA/APAC COE,interpipes,20/07/2023
01GQMQF,71 BE,EMEA/APAC COE,interpipes,20/07/2023
01GKW4W,71 BE,EMEA/APAC COE,interpipes,20/07/2023
01GQH6M,71 BE,EMEA/APAC COE,interpipes,20/07/2023
01GTVEU,71 BE,EMEA/APAC COE,interpipes,20/07/2023
01GTVET,71 BE,EMEA/APAC COE,interpipes,20/07/2023
01GTVEX,71 BE,EMEA/APAC COE,interpipes,20/07/2023
01GTTHQ,71 BE,EMEA/APAC COE,interpipes,20/07/2023
01GTTJ8,71 BE,EMEA/APAC COE,interpipes,20/07/2023
01GTTJH,71 BE,EMEA/APAC COE,interpipes,20/07/2023
01GQMQ8,71 BE,EMEA/APAC COE,interpipes,20/07/2023
01GQPG6,71 BE,EMEA/APAC COE,interpipes,20/07/2023
01GQPGA,71 BE,EMEA/APAC COE,interpipes,20/07/2023
01GQPGM,71 BE,EMEA/APAC COE,interpipes,20/07/2023
01GQRX7,71 BE,EMEA/APAC COE,interpipes,20/07/2023
01GQPGJ,71 BE,EMEA/APAC COE,interpipes,20/07/2023
01GQPGD,71 BE,EMEA/APAC COE,interpipes,20/07/2023
01GQ3GP,71 BE,EMEA/APAC COE,interpipes,20/07/2023
01GQTV2,71 BE,EMEA/APAC COE,interpipes,20/07/2023
01GQTTV,71 BE,EMEA/APAC COE,interpipes,20/07/2023
01GQJN8,71 BE,EMEA/APAC COE,interpipes,20/07/2023
01GQJNK,71 BE,EMEA/APAC COE,interpipes,20/07/2023
01GQMQX,71 BE,EMEA/APAC COE,interpipes,20/07/2023
01GU09U,71 BE,EMEA/APAC COE,interpipes,20/07/2023
01GU09T,71 BE,EMEA/APAC COE,interpipes,20/07/2023
01GU2L1,71 BE,EMEA/APAC COE,interpipes,20/07/2023
01GU2L3,71 BE,EMEA/APAC COE,interpipes,20/07/2023
01GU2KV,71 BE,EMEA/APAC COE,interpipes,20/07/2023
01GU09G,71 BE,EMEA/APAC COE,interpipes,20/07/2023
01GU2L5,71 BE,EMEA/APAC COE,interpipes,20/07/2023
01GU2LA,71 BE,EMEA/APAC COE,interpipes,20/07/2023
01GU2L4,71 BE,EMEA/APAC COE,interpipes,20/07/2023
01GU2NF,71 BE,EMEA/APAC COE,interpipes,20/07/2023
01GU2MV,71 BE,EMEA/APAC COE,interpipes,20/07/2023
01GU2N1,71 BE,EMEA/APAC COE,interpipes,20/07/2023
01GU2P9,71 BE,EMEA/APAC COE,interpipes,20/07/2023
01GU2L8,71 BE,EMEA/APAC COE,interpipes,20/07/2023
01GU4VN,71 BE,EMEA/APAC COE,interpipes,20/07/2023
01GU4VJ,71 BE,EMEA/APAC COE,interpipes,20/07/2023
01GU4VE,71 BE,EMEA/APAC COE,interpipes,20/07/2023
01GU0CA,71 BE,EMEA/APAC COE,interpipes,20/07/2023
01GU0AV,71 BE,EMEA/APAC COE,interpipes,20/07/2023
01GU09C,71 BE,EMEA/APAC COE,interpipes,20/07/2023
01GU09A,71 BE,EMEA/APAC COE,interpipes,20/07/2023
01GU0AG,71 BE,EMEA/APAC COE,interpipes,20/07/2023
01GU09D,71 BE,EMEA/APAC COE,interpipes,20/07/2023
01GU0A7,71 BE,EMEA/APAC COE,interpipes,20/07/2023
01GU2M0,71 BE,EMEA/APAC COE,interpipes,20/07/2023
01GU2LL,71 BE,EMEA/APAC COE,interpipes,20/07/2023
01GU2L6,71 BE,EMEA/APAC COE,interpipes,20/07/2023
01GQMRA,71 BE,EMEA/APAC COE,interpipes,20/07/2023
01GQMQQ,71 BE,EMEA/APAC COE,interpipes,20/07/2023
01GQMQH,71 BE,EMEA/APAC COE,interpipes,20/07/2023
01GU2KU,71 BE,EMEA/APAC COE,interpipes,20/07/2023
01GU2LU,71 BE,EMEA/APAC COE,interpipes,20/07/2023
01GU2RV,71 BE,EMEA/APAC COE,interpipes,20/07/2023
01GU5UH,71 BE,EMEA/APAC COE,interpipes,20/07/2023
01GU5NK,71 BE,EMEA/APAC COE,interpipes,20/07/2023
01GU09H,71 BE,EMEA/APAC COE,interpipes,20/07/2023
01GU2LQ,71 BE,EMEA/APAC COE,interpipes,20/07/2023
01GU2LR,71 BE,EMEA/APAC COE,interpipes,20/07/2023
01GU2LP,71 BE,EMEA/APAC COE,interpipes,20/07/2023
01GU2LX,71 BE,EMEA/APAC COE,interpipes,20/07/2023
01GU5TT,71 BE,EMEA/APAC COE,interpipes,20/07/2023
01GU5NM,71 BE,EMEA/APAC COE,interpipes,20/07/2023
01GU09F,71 BE,EMEA/APAC COE,interpipes,20/07/2023
01GU64F,71 BE,EMEA/APAC COE,interpipes,20/07/2023
01GU64R,71 BE,EMEA/APAC COE,interpipes,20/07/2023
01GU5UE,71 BE,EMEA/APAC COE,interpipes,20/07/2023
01GU5N4,71 BE,EMEA/APAC COE,interpipes,20/07/2023
01GU5ND,71 BE,EMEA/APAC COE,interpipes,20/07/2023
01GU09E,71 BE,EMEA/APAC COE,interpipes,20/07/2023
01GU5N6,71 BE,EMEA/APAC COE,interpipes,20/07/2023
01GU5N7,71 BE,EMEA/APAC COE,interpipes,20/07/2023
01GU5U8,71 BE,EMEA/APAC COE,interpipes,20/07/2023
01GRWK5,71 BE,EMEA/APAC COE,interpipes,20/07/2023
01GRWK6,71 BE,EMEA/APAC COE,interpipes,20/07/2023
01GRWK9,71 BE,EMEA/APAC COE,interpipes,20/07/2023
01GRWKT,71 BE,EMEA/APAC COE,interpipes,20/07/2023
01GRKR8,71 BE,EMEA/APAC COE,interpipes,20/07/2023
01GRWKX,71 BE,EMEA/APAC COE,interpipes,20/07/2023
01GRWK8,71 BE,EMEA/APAC COE,interpipes,20/07/2023
01GRWKV,71 BE,EMEA/APAC COE,interpipes,20/07/2023
01GRWK7,71 BE,EMEA/APAC COE,interpipes,20/07/2023
01GRW16,71 BE,EMEA/APAC COE,interpipes,20/07/2023
01GR63K,71 BE,EMEA/APAC COE,interpipes,20/07/2023
01GR37K,71 BE,EMEA/APAC COE,interpipes,20/07/2023
01GKRRM,71 BE,EMEA/APAC COE,interpipes,20/07/2023
01GRKR1,71 BE,EMEA/APAC COE,interpipes,20/07/2023
01GRKR0,71 BE,EMEA/APAC COE,interpipes,20/07/2023
01GKRQW,71 BE,EMEA/APAC COE,interpipes,20/07/2023
01GR515,71 BE,EMEA/APAC COE,interpipes,20/07/2023
01GR51H,71 BE,EMEA/APAC COE,interpipes,20/07/2023
01GR64C,71 BE,EMEA/APAC COE,interpipes,20/07/2023
01GRQRQ,71 BE,EMEA/APAC COE,interpipes,20/07/2023
01GRQRV,71 BE,EMEA/APAC COE,interpipes,20/07/2023
01GRQRR,71 BE,EMEA/APAC COE,interpipes,20/07/2023
01GRQDA,71 BE,EMEA/APAC COE,interpipes,20/07/2023
01GRQDE,71 BE,EMEA/APAC COE,interpipes,20/07/2023
01GRQD9,71 BE,EMEA/APAC COE,interpipes,20/07/2023
01GQ04E,71 BE,EMEA/APAC COE,interpipes,20/07/2023
01GQ04F,71 BE,EMEA/APAC COE,interpipes,20/07/2023
01GRQD4,71 BE,EMEA/APAC COE,interpipes,20/07/2023
01GRQDC,71 BE,EMEA/APAC COE,interpipes,20/07/2023
01GRQDD,71 BE,EMEA/APAC COE,interpipes,20/07/2023
01GRQD6,71 BE,EMEA/APAC COE,interpipes,20/07/2023
01GRQD8,71 BE,EMEA/APAC COE,interpipes,20/07/2023
01GRQD7,71 BE,EMEA/APAC COE,interpipes,20/07/2023
01GRQD5,71 BE,EMEA/APAC COE,interpipes,20/07/2023
01GRQT8,71 BE,EMEA/APAC COE,interpipes,20/07/2023
01GRNWF,71 BE,EMEA/APAC COE,interpipes,20/07/2023
01GRNW1,71 BE,EMEA/APAC COE,interpipes,20/07/2023
01GRNW5,71 BE,EMEA/APAC COE,interpipes,20/07/2023
01GRQDG,71 BE,EMEA/APAC COE,interpipes,20/07/2023
01GRM5H,71 BE,EMEA/APAC COE,interpipes,20/07/2023
01GKRT0,71 BE,EMEA/APAC COE,interpipes,20/07/2023
01GRQDJ,71 BE,EMEA/APAC COE,interpipes,20/07/2023
01GRQDK,71 BE,EMEA/APAC COE,interpipes,20/07/2023
01GRNWH,71 BE,EMEA/APAC COE,interpipes,20/07/2023
01GRQDL,71 BE,EMEA/APAC COE,interpipes,20/07/2023
01GRQDF,71 BE,EMEA/APAC COE,interpipes,20/07/2023
01GRQDH,71 BE,EMEA/APAC COE,interpipes,20/07/2023
01GQE5K,71 BE,EMEA/APAC COE,interpipes,20/07/2023
01GKT7E,71 BE,EMEA/APAC COE,interpipes,20/07/2023
01GTJX3,71 BE,EMEA/APAC COE,interpipes,20/07/2023
01GTJXQ,71 BE,EMEA/APAC COE,interpipes,20/07/2023
01GTL59,71 BE,EMEA/APAC COE,interpipes,20/07/2023
01GTJX2,71 BE,EMEA/APAC COE,interpipes,20/07/2023
01GTWNK,71 BE,EMEA/APAC COE,interpipes,20/07/2023
01GTX3C,71 BE,EMEA/APAC COE,interpipes,20/07/2023
01GT5E3,71 BE,EMEA/APAC COE,interpipes,20/07/2023
01GTVF3,71 BE,EMEA/APAC COE,interpipes,20/07/2023
01GTVF4,71 BE,EMEA/APAC COE,interpipes,20/07/2023
01GTVF5,71 BE,EMEA/APAC COE,interpipes,20/07/2023
01GTVEY,71 BE,EMEA/APAC COE,interpipes,20/07/2023
01GTVF2,71 BE,EMEA/APAC COE,interpipes,20/07/2023
01GTCC0,71 BE,EMEA/APAC COE,interpipes,20/07/2023
01GTX4D,71 BE,EMEA/APAC COE,interpipes,20/07/2023
01GTX57,71 BE,EMEA/APAC COE,interpipes,20/07/2023
01GTCCD,71 BE,EMEA/APAC COE,interpipes,20/07/2023
01GTCD0,71 BE,EMEA/APAC COE,interpipes,20/07/2023
01GT729,71 BE,EMEA/APAC COE,interpipes,20/07/2023
01GLG5Q,71 BE,EMEA/APAC COE,interpipes,20/07/2023
01GT720,71 BE,EMEA/APAC COE,interpipes,20/07/2023
01GMATU,71 BE,EMEA/APAC COE,interpipes,20/07/2023
01GKRPF,71 BE,EMEA/APAC COE,interpipes,20/07/2023
01GT3VC,71 BE,EMEA/APAC COE,interpipes,20/07/2023
01GT3V5,71 BE,EMEA/APAC COE,interpipes,20/07/2023
01GT3V6,71 BE,EMEA/APAC COE,interpipes,20/07/2023
01GKT7L,71 BE,EMEA/APAC COE,interpipes,20/07/2023
01GUD7L,71 BE,EMEA/APAC COE,interpipes,20/07/2023
01GU2KQ,71 BE,EMEA/APAC COE,interpipes,20/07/2023
01GUD7T,71 BE,EMEA/APAC COE,interpipes,20/07/2023
01GUD7M,71 BE,EMEA/APAC COE,interpipes,20/07/2023
01GUD7N,71 BE,EMEA/APAC COE,interpipes,20/07/2023
01GUD7V,71 BE,EMEA/APAC COE,interpipes,20/07/2023
01GUD7Q,71 BE,EMEA/APAC COE,interpipes,20/07/2023
01GU2KT,71 BE,EMEA/APAC COE,interpipes,20/07/2023
01GU2C8,71 BE,EMEA/APAC COE,interpipes,20/07/2023
01GTUEQ,71 BE,EMEA/APAC COE,interpipes,20/07/2023
01GT721,71 BE,EMEA/APAC COE,interpipes,20/07/2023
01GKW4M,71 BE,EMEA/APAC COE,interpipes,20/07/2023
01GTFD6,71 BE,EMEA/APAC COE,interpipes,20/07/2023
01GLP4J,71 BE,EMEA/APAC COE,interpipes,20/07/2023
01GTFCY,71 BE,EMEA/APAC COE,interpipes,20/07/2023
01GTFDE,71 BE,EMEA/APAC COE,interpipes,20/07/2023
01GTDPH,71 BE,EMEA/APAC COE,interpipes,20/07/2023
01GTDP2,71 BE,EMEA/APAC COE,interpipes,20/07/2023
01GKRPH,71 BE,EMEA/APAC COE,interpipes,20/07/2023
01GT72W,71 BE,EMEA/APAC COE,interpipes,20/07/2023
01GTN5K,71 BE,EMEA/APAC COE,interpipes,20/07/2023
01GTLLP,71 BE,EMEA/APAC COE,interpipes,20/07/2023
01GTLM1,71 BE,EMEA/APAC COE,interpipes,20/07/2023
01GTLLN,71 BE,EMEA/APAC COE,interpipes,20/07/2023
01GTN54,71 BE,EMEA/APAC COE,interpipes,20/07/2023
01GTLLU,71 BE,EMEA/APAC COE,interpipes,20/07/2023
01GTLM2,71 BE,EMEA/APAC COE,interpipes,20/07/2023
01GTME0,71 BE,EMEA/APAC COE,interpipes,20/07/2023
01GTLLW,71 BE,EMEA/APAC COE,interpipes,20/07/2023
01GTLLT,71 BE,EMEA/APAC COE,interpipes,20/07/2023
01GTLLX,71 BE,EMEA/APAC COE,interpipes,20/07/2023
01GTPC1,71 BE,EMEA/APAC COE,interpipes,20/07/2023
01GTJX1,71 BE,EMEA/APAC COE,interpipes,20/07/2023
01GTLNE,71 BE,EMEA/APAC COE,interpipes,20/07/2023
01GTFCW,71 BE,EMEA/APAC COE,interpipes,20/07/2023
01GKJKV,71 BE,EMEA/APAC COE,interpipes,20/07/2023
01GUL9C,71 BE,EMEA/APAC COE,interpipes,20/07/2023
01GUKY1,71 BE,EMEA/APAC COE,interpipes,20/07/2023
01GUKXV,71 BE,EMEA/APAC COE,interpipes,20/07/2023
01GTFCU,71 BE,EMEA/APAC COE,interpipes,20/07/2023
01GREQV,71 BE,EMEA/APAC COE,interpipes,20/07/2023
01GQA6R,71 BE,EMEA/APAC COE,interpipes,20/07/2023
01GKRPC,71 BE,EMEA/APAC COE,interpipes,20/07/2023
01GKRPD,71 BE,EMEA/APAC COE,interpipes,20/07/2023
01GQA7C,71 BE,EMEA/APAC COE,interpipes,20/07/2023
01GQA6T,71 BE,EMEA/APAC COE,interpipes,20/07/2023
01GQA6P,71 BE,EMEA/APAC COE,interpipes,20/07/2023
01GQA6N,71 BE,EMEA/APAC COE,interpipes,20/07/2023
01GQA6V,71 BE,EMEA/APAC COE,interpipes,20/07/2023
01GKJKR,71 BE,EMEA/APAC COE,interpipes,20/07/2023
01GQA71,71 BE,EMEA/APAC COE,interpipes,20/07/2023
01GQA6Q,71 BE,EMEA/APAC COE,interpipes,20/07/2023
01GLMD5,71 BE,EMEA/APAC COE,interpipes,20/07/2023
01GQA6Y,71 BE,EMEA/APAC COE,interpipes,20/07/2023
01GMAT3,71 BE,EMEA/APAC COE,interpipes,20/07/2023
01GQA74,71 BE,EMEA/APAC COE,interpipes,20/07/2023
01GM0GA,71 BE,EMEA/APAC COE,interpipes,20/07/2023
01GQA73,71 BE,EMEA/APAC COE,interpipes,20/07/2023
01GQA7H,71 BE,EMEA/APAC COE,interpipes,20/07/2023
01GRA0U,71 BE,EMEA/APAC COE,interpipes,20/07/2023
01GRQT4,71 BE,EMEA/APAC COE,interpipes,20/07/2023
01GRA1J,71 BE,EMEA/APAC COE,interpipes,20/07/2023
01GRCAH,71 BE,EMEA/APAC COE,interpipes,20/07/2023
01GRCAE,71 BE,EMEA/APAC COE,interpipes,20/07/2023
01GRCAG,71 BE,EMEA/APAC COE,interpipes,20/07/2023
01GRCA2,71 BE,EMEA/APAC COE,interpipes,20/07/2023
01GRA1E,71 BE,EMEA/APAC COE,interpipes,20/07/2023
01GRCA1,71 BE,EMEA/APAC COE,interpipes,20/07/2023
01GRCA5,71 BE,EMEA/APAC COE,interpipes,20/07/2023
01GRA13,71 BE,EMEA/APAC COE,interpipes,20/07/2023
01GHM15,71 BE,EMEA/APAC COE,interpipes,20/07/2023
01GJXJK,71 BE,EMEA/APAC COE,interpipes,20/07/2023
01GJXJJ,71 BE,EMEA/APAC COE,interpipes,20/07/2023
01GK8PG,71 BE,EMEA/APAC COE,interpipes,20/07/2023
01GK8PK,71 BE,EMEA/APAC COE,interpipes,20/07/2023
01GK8PC,71 BE,EMEA/APAC COE,interpipes,20/07/2023
01GK8PL,71 BE,EMEA/APAC COE,interpipes,20/07/2023
01GKAR8,71 BE,EMEA/APAC COE,interpipes,20/07/2023
01GKAT4,71 BE,EMEA/APAC COE,interpipes,20/07/2023
01GKG8L,71 BE,EMEA/APAC COE,interpipes,20/07/2023
01GKRQC,71 BE,EMEA/APAC COE,interpipes,20/07/2023
01GKT7V,71 BE,EMEA/APAC COE,interpipes,20/07/2023
01GKG7J,71 BE,EMEA/APAC COE,interpipes,20/07/2023
01GQ8FR,71 BE,EMEA/APAC COE,interpipes,20/07/2023
01GQYTV,71 BE,EMEA/APAC COE,interpipes,20/07/2023
01GT0GM,71 BE,EMEA/APAC COE,interpipes,20/07/2023
01GTWR7,71 BE,EMEA/APAC COE,interpipes,20/07/2023
01GU4KW,71 BE,EMEA/APAC COE,interpipes,20/07/2023
01GQ2AH,71 BE,EMEA/APAC COE,interpipes,20/07/2023
01GQ2AE,71 BE,EMEA/APAC COE,interpipes,20/07/2023
01GQ2AK,71 BE,EMEA/APAC COE,interpipes,20/07/2023
01GQ2AJ,71 BE,EMEA/APAC COE,interpipes,20/07/2023
01GT9C1,71 BE,EMEA/APAC COE,interpipes,20/07/2023
01GQ2AC,71 BE,EMEA/APAC COE,interpipes,20/07/2023
01GQ2AA,71 BE,EMEA/APAC COE,interpipes,20/07/2023
01GKV0F,71 BE,EMEA/APAC COE,interpipes,20/07/2023
01GKV0E,71 BE,EMEA/APAC COE,interpipes,20/07/2023
01GNH9J,71 BE,EMEA/APAC COE,interpipes,20/07/2023
01GNH9G,71 BE,EMEA/APAC COE,interpipes,20/07/2023
01GNH9H,71 BE,EMEA/APAC COE,interpipes,20/07/2023
01GNH9P,71 BE,EMEA/APAC COE,interpipes,20/07/2023
01GNH9F,71 BE,EMEA/APAC COE,interpipes,20/07/2023
01GNH9K,71 BE,EMEA/APAC COE,interpipes,20/07/2023
01GKV0J,71 BE,EMEA/APAC COE,interpipes,20/07/2023
01GLEHT,71 BE,EMEA/APAC COE,interpipes,20/07/2023
01GKV0D,71 BE,EMEA/APAC COE,interpipes,20/07/2023
01GQXJC,71 BE,EMEA/APAC COE,interpipes,20/07/2023
01GUNGX,71 BE,EMEA/APAC COE,interpipes,20/07/2023
01GUNGT,71 BE,EMEA/APAC COE,interpipes,20/07/2023
01GUNGV,71 BE,EMEA/APAC COE,interpipes,20/07/2023
01GT352,71 BE,EMEA/APAC COE,interpipes,20/07/2023
01GT350,71 BE,EMEA/APAC COE,interpipes,20/07/2023
01GT353,71 BE,EMEA/APAC COE,interpipes,20/07/2023
01GT351,71 BE,EMEA/APAC COE,interpipes,20/07/2023
01GT34U,71 BE,EMEA/APAC COE,interpipes,20/07/2023
01GTKYK,71 BE,EMEA/APAC COE,interpipes,20/07/2023
01GTKYH,71 BE,EMEA/APAC COE,interpipes,20/07/2023
01GTKYJ,71 BE,EMEA/APAC COE,interpipes,20/07/2023
01GUNGR,71 BE,EMEA/APAC COE,interpipes,20/07/2023
01GT34W,71 BE,EMEA/APAC COE,interpipes,20/07/2023
01GTKYG,71 BE,EMEA/APAC COE,interpipes,20/07/2023
01GUG7C,71 BE,EMEA/APAC COE,interpipes,20/07/2023
01GT34V,71 BE,EMEA/APAC COE,interpipes,20/07/2023
01GLEHR,71 BE,EMEA/APAC COE,interpipes,20/07/2023
01GNH9D,71 BE,EMEA/APAC COE,interpipes,20/07/2023
01GPEPQ,71 BE,EMEA/APAC COE,interpipes,20/07/2023
01GQ2A7,71 BE,EMEA/APAC COE,interpipes,20/07/2023
01GPEPR,71 BE,EMEA/APAC COE,interpipes,20/07/2023
01GTWRL,71 BE,EMEA/APAC COE,interpipes,20/07/2023
01GQXJ9,71 BE,EMEA/APAC COE,interpipes,20/07/2023
01GNNQV,71 BE,EMEA/APAC COE,interpipes,20/07/2023
01GQ2A9,71 BE,EMEA/APAC COE,interpipes,20/07/2023
01GUNGK,71 BE,EMEA/APAC COE,interpipes,20/07/2023
01GTKY7,71 BE,EMEA/APAC COE,interpipes,20/07/2023
01GUNGP,71 BE,EMEA/APAC COE,interpipes,20/07/2023
01GUNGH,71 BE,EMEA/APAC COE,interpipes,20/07/2023
01GTKYC,71 BE,EMEA/APAC COE,interpipes,20/07/2023
01GUNGM,71 BE,EMEA/APAC COE,interpipes,20/07/2023
01GUNGJ,71 BE,EMEA/APAC COE,interpipes,20/07/2023
01GTKY6,71 BE,EMEA/APAC COE,interpipes,20/07/2023
01GTKYA,71 BE,EMEA/APAC COE,interpipes,20/07/2023
01GT3MN,71 BE,EMEA/APAC COE,interpipes,20/07/2023
01GTMC2,71 BE,EMEA/APAC COE,interpipes,20/07/2023
01GTT35,71 BE,EMEA/APAC COE,interpipes,20/07/2023
01GTJ3H,71 BE,EMEA/APAC COE,interpipes,20/07/2023
01GTN1J,71 BE,EMEA/APAC COE,interpipes,20/07/2023
01GNJ54,71 BE,EMEA/APAC COE,interpipes,20/07/2023
01GKAFW,71 BE,EMEA/APAC COE,interpipes,20/07/2023
01GRKHF,71 BE,EMEA/APAC COE,interpipes,20/07/2023
01GLLQA,71 BE,EMEA/APAC COE,interpipes,20/07/2023
01GUU6X,71 BE,EMEA/APAC COE,interpipes,20/07/2023
01GRKHP,71 BE,EMEA/APAC COE,interpipes,20/07/2023
01GRKHL,71 BE,EMEA/APAC COE,interpipes,20/07/2023
01GRKHK,71 BE,EMEA/APAC COE,interpipes,20/07/2023
01GRKHJ,71 BE,EMEA/APAC COE,interpipes,20/07/2023
01GQXJF,71 BE,EMEA/APAC COE,interpipes,20/07/2023
01GJJH8,71 BE,EMEA/APAC COE,interpipes,20/07/2023
01GJJH9,71 BE,EMEA/APAC COE,interpipes,20/07/2023
01GJP8T,71 BE,EMEA/APAC COE,interpipes,20/07/2023
01GQ6EY,71 BE,EMEA/APAC COE,interpipes,20/07/2023
01GRNYU,71 BE,EMEA/APAC COE,interpipes,20/07/2023
01GQF1G,71 BE,EMEA/APAC COE,interpipes,20/07/2023
01GTWRN,71 BE,EMEA/APAC COE,interpipes,20/07/2023
01GUCJM,71 BE,EMEA/APAC COE,interpipes,20/07/2023
01GLLQC,71 BE,EMEA/APAC COE,interpipes,20/07/2023
01GLLQ9,71 BE,EMEA/APAC COE,interpipes,20/07/2023
01GLLQ8,71 BE,EMEA/APAC COE,interpipes,20/07/2023
01GLLQ7,71 BE,EMEA/APAC COE,interpipes,20/07/2023
01GTWRP,71 BE,EMEA/APAC COE,interpipes,20/07/2023
01GTWRQ,71 BE,EMEA/APAC COE,interpipes,20/07/2023
01GTWRR,71 BE,EMEA/APAC COE,interpipes,20/07/2023
01GMGCK,71 BE,EMEA/APAC COE,interpipes,20/07/2023
01GLLQ5,71 BE,EMEA/APAC COE,interpipes,20/07/2023
01GQJH1,71 BE,EMEA/APAC COE,interpipes,20/07/2023
01GRKHH,71 BE,EMEA/APAC COE,interpipes,20/07/2023
01GQF19,71 BE,EMEA/APAC COE,interpipes,20/07/2023
01GR5G8,71 BE,EMEA/APAC COE,interpipes,20/07/2023
01GLLQ6,71 BE,EMEA/APAC COE,interpipes,20/07/2023
01GRKHM,71 BE,EMEA/APAC COE,interpipes,20/07/2023
01GRKHE,71 BE,EMEA/APAC COE,interpipes,20/07/2023
01GRKHN,71 BE,EMEA/APAC COE,interpipes,20/07/2023
01GRKHQ,71 BE,EMEA/APAC COE,interpipes,20/07/2023
01GQKJV,71 BE,EMEA/APAC COE,interpipes,20/07/2023
01GQKJX,71 BE,EMEA/APAC COE,interpipes,20/07/2023
01GQKJU,71 BE,EMEA/APAC COE,interpipes,20/07/2023
01GQKJY,71 BE,EMEA/APAC COE,interpipes,20/07/2023
01GJJH7,71 BE,EMEA/APAC COE,interpipes,20/07/2023
01GQF17,71 BE,EMEA/APAC COE,interpipes,20/07/2023
01GQF18,71 BE,EMEA/APAC COE,interpipes,20/07/2023
01GK14K,71 BE,EMEA/APAC COE,interpipes,20/07/2023
01GUU6Y,71 BE,EMEA/APAC COE,interpipes,20/07/2023
01GLV84,71 BE,EMEA/APAC COE,interpipes,20/07/2023
01GMVME,71 BE,EMEA/APAC COE,interpipes,20/07/2023
01GMVMP,71 BE,EMEA/APAC COE,interpipes,20/07/2023
01GM9DU,71 BE,EMEA/APAC COE,interpipes,20/07/2023
01GK14J,71 BE,EMEA/APAC COE,interpipes,20/07/2023
01GQF5F,71 BE,EMEA/APAC COE,interpipes,20/07/2023
01GUU70,71 BE,EMEA/APAC COE,interpipes,20/07/2023
01GM9DV,71 BE,EMEA/APAC COE,interpipes,20/07/2023
01GUU71,71 BE,EMEA/APAC COE,interpipes,20/07/2023
01GUA8R,71 BE,EMEA/APAC COE,interpipes,20/07/2023
01GK9Y7,71 BE,EMEA/APAC COE,interpipes,20/07/2023
01GLV81,71 BE,EMEA/APAC COE,interpipes,20/07/2023
01GLV82,71 BE,EMEA/APAC COE,interpipes,20/07/2023
01GPVAL,71 BE,EMEA/APAC COE,interpipes,20/07/2023
01GRKHA,71 BE,EMEA/APAC COE,interpipes,20/07/2023
01GNXH4,71 BE,EMEA/APAC COE,interpipes,20/07/2023
01GPVAH,71 BE,EMEA/APAC COE,interpipes,20/07/2023
01GPVAE,71 BE,EMEA/APAC COE,interpipes,20/07/2023
01GRKHC,71 BE,EMEA/APAC COE,interpipes,20/07/2023
01GQKK0,71 BE,EMEA/APAC COE,interpipes,20/07/2023
01GQKK3,71 BE,EMEA/APAC COE,interpipes,20/07/2023
01GQKK1,71 BE,EMEA/APAC COE,interpipes,20/07/2023
01GQKJR,71 BE,EMEA/APAC COE,interpipes,20/07/2023
01GQKK4,71 BE,EMEA/APAC COE,interpipes,20/07/2023
01GUA8Q,71 BE,EMEA/APAC COE,interpipes,20/07/2023
01GQKJT,71 BE,EMEA/APAC COE,interpipes,20/07/2023
01GNXH2,71 BE,EMEA/APAC COE,interpipes,20/07/2023
01GPVAG,71 BE,EMEA/APAC COE,interpipes,20/07/2023
01GMY18,71 BE,EMEA/APAC COE,interpipes,20/07/2023
01GTD5U,71 BE,EMEA/APAC COE,interpipes,20/07/2023
01GQXJD,71 BE,EMEA/APAC COE,interpipes,20/07/2023
01GMY1D,71 BE,EMEA/APAC COE,interpipes,20/07/2023
01GQXJE,71 BE,EMEA/APAC COE,interpipes,20/07/2023
01GMLNX,71 BE,EMEA/APAC COE,interpipes,20/07/2023
01GPEPN,71 BE,EMEA/APAC COE,interpipes,20/07/2023
01GPEPJ,71 BE,EMEA/APAC COE,interpipes,20/07/2023
01GR11M,71 BE,EMEA/APAC COE,interpipes,20/07/2023
01GP7K5,71 BE,EMEA/APAC COE,interpipes,20/07/2023
01GRNYV,71 BE,EMEA/APAC COE,interpipes,20/07/2023
01GQ4QH,71 BE,EMEA/APAC COE,interpipes,20/07/2023
01GR11P,71 BE,EMEA/APAC COE,interpipes,20/07/2023
01GR11N,71 BE,EMEA/APAC COE,interpipes,20/07/2023
01GRNYW,71 BE,EMEA/APAC COE,interpipes,20/07/2023
01GMY1G,71 BE,EMEA/APAC COE,interpipes,20/07/2023
01GMY1F,71 BE,EMEA/APAC COE,interpipes,20/07/2023
01GMY17,71 BE,EMEA/APAC COE,interpipes,20/07/2023
01GMPMH,71 BE,EMEA/APAC COE,interpipes,20/07/2023
01GP7JX,71 BE,EMEA/APAC COE,interpipes,20/07/2023
01GP7JW,71 BE,EMEA/APAC COE,interpipes,20/07/2023
01GPEPH,71 BE,EMEA/APAC COE,interpipes,20/07/2023
01GRRJW,71 BE,EMEA/APAC COE,interpipes,20/07/2023
01GRRJQ,71 BE,EMEA/APAC COE,interpipes,20/07/2023
01GRRJX,71 BE,EMEA/APAC COE,interpipes,20/07/2023
01GRRJU,71 BE,EMEA/APAC COE,interpipes,20/07/2023
01GRRJP,71 BE,EMEA/APAC COE,interpipes,20/07/2023
01GQ4QG,71 BE,EMEA/APAC COE,interpipes,20/07/2023
01GN0Y1,71 BE,EMEA/APAC COE,interpipes,20/07/2023
01GPEPM,71 BE,EMEA/APAC COE,interpipes,20/07/2023
01GPEPP,71 BE,EMEA/APAC COE,interpipes,20/07/2023
01GMLNW,71 BE,EMEA/APAC COE,interpipes,20/07/2023
01GN0Y2,71 BE,EMEA/APAC COE,interpipes,20/07/2023
01GN0Y0,71 BE,EMEA/APAC COE,interpipes,20/07/2023
01GQF9D,71 BE,EMEA/APAC COE,interpipes,20/07/2023
01GQCTM,71 BE,EMEA/APAC COE,interpipes,20/07/2023
01GTJ30,71 BE,EMEA/APAC COE,interpipes,20/07/2023
01GR5G9,71 BE,EMEA/APAC COE,interpipes,20/07/2023
01GMGCL,71 BE,EMEA/APAC COE,interpipes,20/07/2023
01GQ3HM,71 BE,EMEA/APAC COE,interpipes,20/07/2023
01GMGCN,71 BE,EMEA/APAC COE,interpipes,20/07/2023
01GPEPW,71 BE,EMEA/APAC COE,interpipes,20/07/2023
01GMGCM,71 BE,EMEA/APAC COE,interpipes,20/07/2023
01GK9Y6,71 BE,EMEA/APAC COE,interpipes,20/07/2023
01GLV86,71 BE,EMEA/APAC COE,interpipes,20/07/2023
01GLV89,71 BE,EMEA/APAC COE,interpipes,20/07/2023
01GTWRT,71 BE,EMEA/APAC COE,interpipes,20/07/2023
01GTWRU,71 BE,EMEA/APAC COE,interpipes,20/07/2023
01GTWRV,71 BE,EMEA/APAC COE,interpipes,20/07/2023
01GNH9T,71 BE,EMEA/APAC COE,interpipes,20/07/2023
01GLEHY,71 BE,EMEA/APAC COE,interpipes,20/07/2023
01GR2D0,71 BE,EMEA/APAC COE,interpipes,20/07/2023
01GQXJA,71 BE,EMEA/APAC COE,interpipes,20/07/2023
01GR2D1,71 BE,EMEA/APAC COE,interpipes,20/07/2023
01GUA8G,71 BE,EMEA/APAC COE,interpipes,20/07/2023
01GQF1C,71 BE,EMEA/APAC COE,interpipes,20/07/2023
01GUA8J,71 BE,EMEA/APAC COE,interpipes,20/07/2023
01GUA8P,71 BE,EMEA/APAC COE,interpipes,20/07/2023
01GTWRM,71 BE,EMEA/APAC COE,interpipes,20/07/2023
01GQF1E,71 BE,EMEA/APAC COE,interpipes,20/07/2023
01GUA8N,71 BE,EMEA/APAC COE,interpipes,20/07/2023
01GUA8H,71 BE,EMEA/APAC COE,interpipes,20/07/2023
01GLV83,71 BE,EMEA/APAC COE,interpipes,20/07/2023
01GRNYT,71 BE,EMEA/APAC COE,interpipes,20/07/2023
01GLV85,71 BE,EMEA/APAC COE,interpipes,20/07/2023
01GLV88,71 BE,EMEA/APAC COE,interpipes,20/07/2023
01GLV8A,71 BE,EMEA/APAC COE,interpipes,20/07/2023
01GQF1D,71 BE,EMEA/APAC COE,interpipes,20/07/2023
01GM9DR,71 BE,EMEA/APAC COE,interpipes,20/07/2023
01GLV87,71 BE,EMEA/APAC COE,interpipes,20/07/2023
01GUA8L,71 BE,EMEA/APAC COE,interpipes,20/07/2023
01GR2D2,71 BE,EMEA/APAC COE,interpipes,20/07/2023
01GMPMJ,71 BE,EMEA/APAC COE,interpipes,20/07/2023
01GLEHW,71 BE,EMEA/APAC COE,interpipes,20/07/2023
01GT9C2,71 BE,EMEA/APAC COE,interpipes,20/07/2023
01GQ2A6,71 BE,EMEA/APAC COE,interpipes,20/07/2023
01GLEJ0,71 BE,EMEA/APAC COE,interpipes,20/07/2023
01GT9C8,71 BE,EMEA/APAC COE,interpipes,20/07/2023
01GT9C6,71 BE,EMEA/APAC COE,interpipes,20/07/2023
01GT9C7,71 BE,EMEA/APAC COE,interpipes,20/07/2023
01GT9C4,71 BE,EMEA/APAC COE,interpipes,20/07/2023
01GT9C5,71 BE,EMEA/APAC COE,interpipes,20/07/2023
01GMY19,71 BE,EMEA/APAC COE,interpipes,20/07/2023
01GP7K2,71 BE,EMEA/APAC COE,interpipes,20/07/2023
01GP7K3,71 BE,EMEA/APAC COE,interpipes,20/07/2023
01GP7K1,71 BE,EMEA/APAC COE,interpipes,20/07/2023
01GRRJN,71 BE,EMEA/APAC COE,interpipes,20/07/2023
01GMY1A,71 BE,EMEA/APAC COE,interpipes,20/07/2023
01GP7JV,71 BE,EMEA/APAC COE,interpipes,20/07/2023
01GT9C0,71 BE,EMEA/APAC COE,interpipes,20/07/2023
01GT9C3,71 BE,EMEA/APAC COE,interpipes,20/07/2023
01GPEPL,71 BE,EMEA/APAC COE,interpipes,20/07/2023
01GN0XY,71 BE,EMEA/APAC COE,interpipes,20/07/2023
01GP7K4,71 BE,EMEA/APAC COE,interpipes,20/07/2023
01GRTUW,71 BE,EMEA/APAC COE,interpipes,20/07/2023
01GPEPK,71 BE,EMEA/APAC COE,interpipes,20/07/2023
01GRRJT,71 BE,EMEA/APAC COE,interpipes,20/07/2023
01GNH95,71 BE,EMEA/APAC COE,interpipes,20/07/2023
01GNH9C,71 BE,EMEA/APAC COE,interpipes,20/07/2023
01GNH98,71 BE,EMEA/APAC COE,interpipes,20/07/2023
01GNH96,71 BE,EMEA/APAC COE,interpipes,20/07/2023
01GNH97,71 BE,EMEA/APAC COE,interpipes,20/07/2023
01GNH9R,71 BE,EMEA/APAC COE,interpipes,20/07/2023
01GLEHU,71 BE,EMEA/APAC COE,interpipes,20/07/2023
01GUCJN,71 BE,EMEA/APAC COE,interpipes,20/07/2023
01GN8HC,71 BE,EMEA/APAC COE,interpipes,20/07/2023
01GUQWE,71 BE,EMEA/APAC COE,interpipes,20/07/2023
01GUQYE,71 BE,EMEA/APAC COE,interpipes,20/07/2023
01GUQYX,71 BE,EMEA/APAC COE,interpipes,20/07/2023
01GPF56,71 BE,EMEA/APAC COE,interpipes,20/07/2023
01GPF69,71 BE,EMEA/APAC COE,interpipes,20/07/2023
01GPF5P,71 BE,EMEA/APAC COE,interpipes,20/07/2023
01GPF5C,71 BE,EMEA/APAC COE,interpipes,20/07/2023
01GPF5Y,71 BE,EMEA/APAC COE,interpipes,20/07/2023
01GPM0C,71 BE,EMEA/APAC COE,interpipes,20/07/2023
01GPM0A,71 BE,EMEA/APAC COE,interpipes,20/07/2023
01GNJWV,71 BE,EMEA/APAC COE,interpipes,20/07/2023
01GN8DM,71 BE,EMEA/APAC COE,interpipes,20/07/2023
01GKW4Y,71 BE,EMEA/APAC COE,interpipes,20/07/2023
01GN8DR,71 BE,EMEA/APAC COE,interpipes,20/07/2023
01GN8DU,71 BE,EMEA/APAC COE,interpipes,20/07/2023
01GN8DQ,71 BE,EMEA/APAC COE,interpipes,20/07/2023
01GN8DC,71 BE,EMEA/APAC COE,interpipes,20/07/2023
01GNRHJ,71 BE,EMEA/APAC COE,interpipes,20/07/2023
01GNJW7,71 BE,EMEA/APAC COE,interpipes,20/07/2023
01GNT51,71 BE,EMEA/APAC COE,interpipes,20/07/2023
01GMARW,71 BE,EMEA/APAC COE,interpipes,20/07/2023
01GNT5A,71 BE,EMEA/APAC COE,interpipes,20/07/2023
01GKRQ1,71 BE,EMEA/APAC COE,interpipes,20/07/2023
01GNT50,71 BE,EMEA/APAC COE,interpipes,20/07/2023
01GKT7A,71 BE,EMEA/APAC COE,interpipes,20/07/2023
01GNT57,71 BE,EMEA/APAC COE,interpipes,20/07/2023
01GKRPE,71 BE,EMEA/APAC COE,interpipes,20/07/2023
01GL98U,71 BE,EMEA/APAC COE,interpipes,20/07/2023
01GL0AL,71 BE,EMEA/APAC COE,interpipes,20/07/2023
01GPEPU,71 BE,EMEA/APAC COE,interpipes,20/07/2023
01GPCQ9,71 BE,EMEA/APAC COE,interpipes,20/07/2023
01GPCPX,71 BE,EMEA/APAC COE,interpipes,20/07/2023
01GPCQ4,71 BE,EMEA/APAC COE,interpipes,20/07/2023
01GKQ5C,71 BE,EMEA/APAC COE,interpipes,20/07/2023
01GKPP2,71 BE,EMEA/APAC COE,interpipes,20/07/2023
01GKPM8,71 BE,EMEA/APAC COE,interpipes,20/07/2023
01GKPP5,71 BE,EMEA/APAC COE,interpipes,20/07/2023
01GKPNC,71 BE,EMEA/APAC COE,interpipes,20/07/2023
01GKPNG,71 BE,EMEA/APAC COE,interpipes,20/07/2023
01GKPPF,71 BE,EMEA/APAC COE,interpipes,20/07/2023
01GKPP9,71 BE,EMEA/APAC COE,interpipes,20/07/2023
01GKPPV,71 BE,EMEA/APAC COE,interpipes,20/07/2023
01GKPP7,71 BE,EMEA/APAC COE,interpipes,20/07/2023
01GKPP0,71 BE,EMEA/APAC COE,interpipes,20/07/2023
01GMNRW,71 BE,EMEA/APAC COE,interpipes,20/07/2023
01GN4Q5,71 BE,EMEA/APAC COE,interpipes,20/07/2023
01GMX7A,71 BE,EMEA/APAC COE,interpipes,20/07/2023
01GUVG7,71 BE,EMEA/APAC COE,interpipes,20/07/2023
01GMWRH,71 BE,EMEA/APAC COE,interpipes,20/07/2023
01GPJR5,71 BE,EMEA/APAC COE,interpipes,20/07/2023
01GPJPX,71 BE,EMEA/APAC COE,interpipes,20/07/2023
01GPJQ0,71 BE,EMEA/APAC COE,interpipes,20/07/2023
01GPJQ6,71 BE,EMEA/APAC COE,interpipes,20/07/2023
01GPJQN,71 BE,EMEA/APAC COE,interpipes,20/07/2023
01GPJQH,71 BE,EMEA/APAC COE,interpipes,20/07/2023
01GPJR2,71 BE,EMEA/APAC COE,interpipes,20/07/2023
01GPJWW,71 BE,EMEA/APAC COE,interpipes,20/07/2023
01GPJPW,71 BE,EMEA/APAC COE,interpipes,20/07/2023
01GPJWT,71 BE,EMEA/APAC COE,interpipes,20/07/2023
01GN6Q1,71 BE,EMEA/APAC COE,interpipes,20/07/2023
01GN7L6,71 BE,EMEA/APAC COE,interpipes,20/07/2023
01GN6NW,71 BE,EMEA/APAC COE,interpipes,20/07/2023
01GN6NU,71 BE,EMEA/APAC COE,interpipes,20/07/2023
01GN6QL,71 BE,EMEA/APAC COE,interpipes,20/07/2023
01GN6Q6,71 BE,EMEA/APAC COE,interpipes,20/07/2023
01GN7L7,71 BE,EMEA/APAC COE,interpipes,20/07/2023
01GN1LT,71 BE,EMEA/APAC COE,interpipes,20/07/2023
01GPME8,71 BE,EMEA/APAC COE,interpipes,20/07/2023
01GPMDW,71 BE,EMEA/APAC COE,interpipes,20/07/2023
01GPME9,71 BE,EMEA/APAC COE,interpipes,20/07/2023
01GPLUR,71 BE,EMEA/APAC COE,interpipes,20/07/2023
01GPLUT,71 BE,EMEA/APAC COE,interpipes,20/07/2023
01GPMFD,71 BE,EMEA/APAC COE,interpipes,20/07/2023
01GKJKJ,71 BE,EMEA/APAC COE,interpipes,20/07/2023
01GPN8Q,71 BE,EMEA/APAC COE,interpipes,20/07/2023
01GPME6,71 BE,EMEA/APAC COE,interpipes,20/07/2023
01GPPVE,71 BE,EMEA/APAC COE,interpipes,20/07/2023
01GPPVP,71 BE,EMEA/APAC COE,interpipes,20/07/2023
01GPPVM,71 BE,EMEA/APAC COE,interpipes,20/07/2023
01GPPVD,71 BE,EMEA/APAC COE,interpipes,20/07/2023
01GPPVN,71 BE,EMEA/APAC COE,interpipes,20/07/2023
01GLPY8,71 BE,EMEA/APAC COE,interpipes,20/07/2023
01GL09E,71 BE,EMEA/APAC COE,interpipes,20/07/2023
01GL09A,71 BE,EMEA/APAC COE,interpipes,20/07/2023
01GLKMK,71 BE,EMEA/APAC COE,interpipes,20/07/2023
01GL09C,71 BE,EMEA/APAC COE,interpipes,20/07/2023
01GLKN6,71 BE,EMEA/APAC COE,interpipes,20/07/2023
01GLF9K,71 BE,EMEA/APAC COE,interpipes,20/07/2023
01GLF96,71 BE,EMEA/APAC COE,interpipes,20/07/2023
01GKYUR,71 BE,EMEA/APAC COE,interpipes,20/07/2023
01GNWJF,71 BE,EMEA/APAC COE,interpipes,20/07/2023
01GNWJE,71 BE,EMEA/APAC COE,interpipes,20/07/2023
01GNXJQ,71 BE,EMEA/APAC COE,interpipes,20/07/2023
01GP5PX,71 BE,EMEA/APAC COE,interpipes,20/07/2023
01GNXH5,71 BE,EMEA/APAC COE,interpipes,20/07/2023
01GP11U,71 BE,EMEA/APAC COE,interpipes,20/07/2023
01GP120,71 BE,EMEA/APAC COE,interpipes,20/07/2023
01GKX5T,71 BE,EMEA/APAC COE,interpipes,20/07/2023
01GP11K,71 BE,EMEA/APAC COE,interpipes,20/07/2023
01GKT7J,71 BE,EMEA/APAC COE,interpipes,20/07/2023
01GP11L,71 BE,EMEA/APAC COE,interpipes,20/07/2023
01GKT7H,71 BE,EMEA/APAC COE,interpipes,20/07/2023
01GP127,71 BE,EMEA/APAC COE,interpipes,20/07/2023
01GKW46,71 BE,EMEA/APAC COE,interpipes,20/07/2023
01GP11V,71 BE,EMEA/APAC COE,interpipes,20/07/2023
01GKW4H,71 BE,EMEA/APAC COE,interpipes,20/07/2023
01GP126,71 BE,EMEA/APAC COE,interpipes,20/07/2023
01GPP0D,71 BE,EMEA/APAC COE,interpipes,20/07/2023
01GKJKH,71 BE,EMEA/APAC COE,interpipes,20/07/2023
01GP12D,71 BE,EMEA/APAC COE,interpipes,20/07/2023
01GP121,71 BE,EMEA/APAC COE,interpipes,20/07/2023
01GKX5R,71 BE,EMEA/APAC COE,interpipes,20/07/2023
01GPPJP,71 BE,EMEA/APAC COE,interpipes,20/07/2023
01GKPND,71 BE,EMEA/APAC COE,interpipes,20/07/2023
01GKPUR,71 BE,EMEA/APAC COE,interpipes,20/07/2023
01GL09U,71 BE,EMEA/APAC COE,interpipes,20/07/2023
01GUVQW,71 BE,EMEA/APAC COE,interpipes,20/07/2023
01GL09Y,71 BE,EMEA/APAC COE,interpipes,20/07/2023
01GL09L,71 BE,EMEA/APAC COE,interpipes,20/07/2023
01GL0AV,71 BE,EMEA/APAC COE,interpipes,20/07/2023
01GL225,71 BE,EMEA/APAC COE,interpipes,20/07/2023
01GL09Q,71 BE,EMEA/APAC COE,interpipes,20/07/2023
01GL22H,71 BE,EMEA/APAC COE,interpipes,20/07/2023
01GL22M,71 BE,EMEA/APAC COE,interpipes,20/07/2023
01GL09W,71 BE,EMEA/APAC COE,interpipes,20/07/2023
01GL09R,71 BE,EMEA/APAC COE,interpipes,20/07/2023
01GKT7Q,71 BE,EMEA/APAC COE,interpipes,20/07/2023
01GKPTP,71 BE,EMEA/APAC COE,interpipes,20/07/2023
01GNUJK,71 BE,EMEA/APAC COE,interpipes,20/07/2023
01GNFW5,71 BE,EMEA/APAC COE,interpipes,20/07/2023
01GPJPQ,71 BE,EMEA/APAC COE,interpipes,20/07/2023
01GPCT5,71 BE,EMEA/APAC COE,interpipes,20/07/2023
01GPGJA,71 BE,EMEA/APAC COE,interpipes,20/07/2023
01GPGJC,71 BE,EMEA/APAC COE,interpipes,20/07/2023
01GN3XF,71 BE,EMEA/APAC COE,interpipes,20/07/2023
01GMQ4P,71 BE,EMEA/APAC COE,interpipes,20/07/2023
01GN8D3,71 BE,EMEA/APAC COE,interpipes,20/07/2023
01GN8DG,71 BE,EMEA/APAC COE,interpipes,20/07/2023
01GN8E2,71 BE,EMEA/APAC COE,interpipes,20/07/2023
01GN8E1,71 BE,EMEA/APAC COE,interpipes,20/07/2023
01GN8DV,71 BE,EMEA/APAC COE,interpipes,20/07/2023
01GN8D7,71 BE,EMEA/APAC COE,interpipes,20/07/2023
01GMA9T,71 BE,EMEA/APAC COE,interpipes,20/07/2023
01GNNR2,71 BE,EMEA/APAC COE,interpipes,20/07/2023
01GNDF9,71 BE,EMEA/APAC COE,interpipes,20/07/2023
01GNDFA,71 BE,EMEA/APAC COE,interpipes,20/07/2023
01GKJKT,71 BE,EMEA/APAC COE,interpipes,20/07/2023
01GNDDT,71 BE,EMEA/APAC COE,interpipes,20/07/2023
01GNNJV,71 BE,EMEA/APAC COE,interpipes,20/07/2023
01GN34C,71 BE,EMEA/APAC COE,interpipes,20/07/2023
01GN8D1,71 BE,EMEA/APAC COE,interpipes,20/07/2023
01GNDDY,71 BE,EMEA/APAC COE,interpipes,20/07/2023
01GKJKM,71 BE,EMEA/APAC COE,interpipes,20/07/2023
01GNDEQ,71 BE,EMEA/APAC COE,interpipes,20/07/2023
01GNDTE,71 BE,EMEA/APAC COE,interpipes,20/07/2023
01GNDEN,71 BE,EMEA/APAC COE,interpipes,20/07/2023
01GNDR0,71 BE,EMEA/APAC COE,interpipes,20/07/2023
01GNDR2,71 BE,EMEA/APAC COE,interpipes,20/07/2023
01GMAC0,71 BE,EMEA/APAC COE,interpipes,20/07/2023
01GMA9L,71 BE,EMEA/APAC COE,interpipes,20/07/2023
01GM8R4,71 BE,EMEA/APAC COE,interpipes,20/07/2023
01GKJKP,71 BE,EMEA/APAC COE,interpipes,20/07/2023
01GM5QX,71 BE,EMEA/APAC COE,interpipes,20/07/2023
01GM5QW,71 BE,EMEA/APAC COE,interpipes,20/07/2023
01GM5QN,71 BE,EMEA/APAC COE,interpipes,20/07/2023
01GLK51,71 BE,EMEA/APAC COE,interpipes,20/07/2023
01GM5QV,71 BE,EMEA/APAC COE,interpipes,20/07/2023
01GKRQ6,71 BE,EMEA/APAC COE,interpipes,20/07/2023
01GM5QR,71 BE,EMEA/APAC COE,interpipes,20/07/2023
01GKRQ7,71 BE,EMEA/APAC COE,interpipes,20/07/2023
01GM884,71 BE,EMEA/APAC COE,interpipes,20/07/2023
01GM9DP,71 BE,EMEA/APAC COE,interpipes,20/07/2023
01GM7VH,71 BE,EMEA/APAC COE,interpipes,20/07/2023
01GNAHH,71 BE,EMEA/APAC COE,interpipes,20/07/2023
01GNAHE,71 BE,EMEA/APAC COE,interpipes,20/07/2023
01GNAHP,71 BE,EMEA/APAC COE,interpipes,20/07/2023
01GNAHR,71 BE,EMEA/APAC COE,interpipes,20/07/2023
01GKX6L,71 BE,EMEA/APAC COE,interpipes,20/07/2023
01GP5Q4,71 BE,EMEA/APAC COE,interpipes,20/07/2023
01GP5QG,71 BE,EMEA/APAC COE,interpipes,20/07/2023
01GP5Q3,71 BE,EMEA/APAC COE,interpipes,20/07/2023
01GP5Q0,71 BE,EMEA/APAC COE,interpipes,20/07/2023
01GP5Q6,71 BE,EMEA/APAC COE,interpipes,20/07/2023
01GL32L,71 BE,EMEA/APAC COE,interpipes,20/07/2023
01GP5PT,71 BE,EMEA/APAC COE,interpipes,20/07/2023
01GP5PR,71 BE,EMEA/APAC COE,interpipes,20/07/2023
01GP5PW,71 BE,EMEA/APAC COE,interpipes,20/07/2023
01GP5PN,71 BE,EMEA/APAC COE,interpipes,20/07/2023
01GP5Q2,71 BE,EMEA/APAC COE,interpipes,20/07/2023
01GP5QL,71 BE,EMEA/APAC COE,interpipes,20/07/2023
01GP5QE,71 BE,EMEA/APAC COE,interpipes,20/07/2023
01GP5Q1,71 BE,EMEA/APAC COE,interpipes,20/07/2023
01GP5Q8,71 BE,EMEA/APAC COE,interpipes,20/07/2023
01GP5QP,71 BE,EMEA/APAC COE,interpipes,20/07/2023
01GP5QR,71 BE,EMEA/APAC COE,interpipes,20/07/2023
01GP5PY,71 BE,EMEA/APAC COE,interpipes,20/07/2023
01GP5PK,71 BE,EMEA/APAC COE,interpipes,20/07/2023
01GP5PM,71 BE,EMEA/APAC COE,interpipes,20/07/2023
01GP5PP,71 BE,EMEA/APAC COE,interpipes,20/07/2023
01GP5PQ,71 BE,EMEA/APAC COE,interpipes,20/07/2023
01GP5PL,71 BE,EMEA/APAC COE,interpipes,20/07/2023
01GP5PU,71 BE,EMEA/APAC COE,interpipes,20/07/2023
01GP5PV,71 BE,EMEA/APAC COE,interpipes,20/07/2023
01GP5P9,71 BE,EMEA/APAC COE,interpipes,20/07/2023
01GMATR,71 BE,EMEA/APAC COE,interpipes,20/07/2023
01GP8CA,71 BE,EMEA/APAC COE,interpipes,20/07/2023
01GKT7M,71 BE,EMEA/APAC COE,interpipes,20/07/2023
01GKRQG,71 BE,EMEA/APAC COE,interpipes,20/07/2023
01GP8D9,71 BE,EMEA/APAC COE,interpipes,20/07/2023
01GKW8M,71 BE,EMEA/APAC COE,interpipes,20/07/2023
01GPA35,71 BE,EMEA/APAC COE,interpipes,20/07/2023
01GPA34,71 BE,EMEA/APAC COE,interpipes,20/07/2023
01GLLLR,71 BE,EMEA/APAC COE,interpipes,20/07/2023
01GMAUC,71 BE,EMEA/APAC COE,interpipes,20/07/2023
01GL31N,71 BE,EMEA/APAC COE,interpipes,20/07/2023
01GL3GK,71 BE,EMEA/APAC COE,interpipes,20/07/2023
01GL314,71 BE,EMEA/APAC COE,interpipes,20/07/2023
01GL317,71 BE,EMEA/APAC COE,interpipes,20/07/2023
01GMC6T,71 BE,EMEA/APAC COE,interpipes,20/07/2023
01GMC8A,71 BE,EMEA/APAC COE,interpipes,20/07/2023
01GU7Y8,Unloading Name,BSO,interpipes,20/07/2023
01GU85U,Unloading Name,BSO,interpipes,20/07/2023
01GU85L,Unloading Name,BSO,interpipes,20/07/2023
01GU864,Unloading Name,BSO,interpipes,20/07/2023
01GT7L9,Unloading Name,BSO,interpipes,20/07/2023
01GQTGL,Unloading Name,BSO,interpipes,20/07/2023
01GTALV,Unloading Name,EMEA/APAC COE,interpipes,20/07/2023
01GU7Y8,Unloading Address,BSO,interpipes,20/07/2023
01GU85U,Unloading Address,BSO,interpipes,20/07/2023
01GU85L,Unloading Address,BSO,interpipes,20/07/2023
01GU864,Unloading Address,BSO,interpipes,20/07/2023
01GQTGL,Unloading Address,BSO,interpipes,20/07/2023
01GTALV,Unloading Address,EMEA/APAC COE,interpipes,20/07/2023
01GH6A3,Unloading Address,EMEA/APAC COE,interpipes,20/07/2023
01GGTRG,HAWB,OPS,interpipes,20/07/2023
01GT16K,HAWB,OPS,interpipes,20/07/2023
01GR3YC,HAWB,OPS,interpipes,20/07/2023
01GTK9F,HAWB,OPS,interpipes,20/07/2023
01GTY6J,HAWB,OPS,interpipes,20/07/2023
01GTLWK,HAWB,OPS,interpipes,20/07/2023
01GTFM3,HAWB,OPS,interpipes,20/07/2023
01GTFM8,HAWB,OPS,interpipes,20/07/2023
01GRAEQ,HAWB,OPS,interpipes,20/07/2023
01GUW94,HAWB,OPS,interpipes,20/07/2023
01GTW65,HAWB,OPS,interpipes,20/07/2023
01GPG21,HAWB,OPS,interpipes,20/07/2023
01GUNGX,HAWB,EMEA/APAC COE,interpipes,20/07/2023
01GUNGT,HAWB,EMEA/APAC COE,interpipes,20/07/2023
01GUNGV,HAWB,EMEA/APAC COE,interpipes,20/07/2023
01GUNGR,HAWB,EMEA/APAC COE,interpipes,20/07/2023
01GTWRL,HAWB,EMEA/APAC COE,interpipes,20/07/2023
01GUNGK,HAWB,EMEA/APAC COE,interpipes,20/07/2023
01GUNGP,HAWB,EMEA/APAC COE,interpipes,20/07/2023
01GUNGH,HAWB,EMEA/APAC COE,interpipes,20/07/2023
01GUNGM,HAWB,EMEA/APAC COE,interpipes,20/07/2023
01GUNGJ,HAWB,EMEA/APAC COE,interpipes,20/07/2023
01GTLX2,HAWB,EMEA/APAC COE,interpipes,20/07/2023
01GUU6X,HAWB,EMEA/APAC COE,interpipes,20/07/2023
01GTWRN,HAWB,EMEA/APAC COE,interpipes,20/07/2023
01GUCJM,HAWB,EMEA/APAC COE,interpipes,20/07/2023
01GTWRP,HAWB,EMEA/APAC COE,interpipes,20/07/2023
01GTWRQ,HAWB,EMEA/APAC COE,interpipes,20/07/2023
01GTWRR,HAWB,EMEA/APAC COE,interpipes,20/07/2023
01GUU6Y,HAWB,EMEA/APAC COE,interpipes,20/07/2023
01GUU70,HAWB,EMEA/APAC COE,interpipes,20/07/2023
01GUU71,HAWB,EMEA/APAC COE,interpipes,20/07/2023
01GUA8R,HAWB,EMEA/APAC COE,interpipes,20/07/2023
01GUA8Q,HAWB,EMEA/APAC COE,interpipes,20/07/2023
01GTWRT,HAWB,EMEA/APAC COE,interpipes,20/07/2023
01GTWRU,HAWB,EMEA/APAC COE,interpipes,20/07/2023
01GTWRV,HAWB,EMEA/APAC COE,interpipes,20/07/2023
01GUA8G,HAWB,EMEA/APAC COE,interpipes,20/07/2023
01GUA8J,HAWB,EMEA/APAC COE,interpipes,20/07/2023
01GUA8P,HAWB,EMEA/APAC COE,interpipes,20/07/2023
01GTWRM,HAWB,EMEA/APAC COE,interpipes,20/07/2023
01GUA8N,HAWB,EMEA/APAC COE,interpipes,20/07/2023
01GUA8H,HAWB,EMEA/APAC COE,interpipes,20/07/2023
01GUA8L,HAWB,EMEA/APAC COE,interpipes,20/07/2023
01GUCJN,HAWB,EMEA/APAC COE,interpipes,20/07/2023
01GNNJV,HAWB,EMEA/APAC COE,interpipes,20/07/2023
01GUW7T,Order Type,BSO,interpipes,20/07/2023
01GUWEY,Order Type,BSO,interpipes,20/07/2023
01GUWKF,Order Type,BSO,interpipes,20/07/2023
01GUWK0,Order Type,BSO,interpipes,20/07/2023
01GUWJY,Order Type,BSO,interpipes,20/07/2023
01GUTXD,Order Type,BSO,interpipes,20/07/2023
01GUWG1,Order Type,BSO,interpipes,20/07/2023
01GUW7T,Requested Service,BSO,interpipes,20/07/2023
01GUWEY,Requested Service,BSO,interpipes,20/07/2023
01GUV6W,Requested Service,BSO,interpipes,20/07/2023
01GUWKF,Requested Service,BSO,interpipes,20/07/2023
01GUWK0,Requested Service,BSO,interpipes,20/07/2023
01GUWJY,Requested Service,BSO,interpipes,20/07/2023
01GUTXD,Requested Service,BSO,interpipes,20/07/2023
01GUWH4,Requested Service,BSO,interpipes,20/07/2023
01GUWH6,Requested Service,BSO,interpipes,20/07/2023
01GUWG1,Requested Service,BSO,interpipes,20/07/2023
01GU7Y8,Unloading Town,BSO,interpipes,20/07/2023
01GU85U,Unloading Town,BSO,interpipes,20/07/2023
01GU85L,Unloading Town,BSO,interpipes,20/07/2023
01GU864,Unloading Town,BSO,interpipes,20/07/2023
01GU4FU,Adhoc Reference,BSO,interpipes,20/07/2023
01GU4FJ,Adhoc Reference,BSO,interpipes,20/07/2023
01GU4G3,Adhoc Reference,BSO,interpipes,20/07/2023
01GU4FY,Adhoc Reference,BSO,interpipes,20/07/2023
01GU4ER,Adhoc Reference,BSO,interpipes,20/07/2023
01GU4FG,Adhoc Reference,BSO,interpipes,20/07/2023
01GUTUG,Adhoc Reference,BSO,interpipes,20/07/2023
01GUTR0,Adhoc Reference,BSO,interpipes,20/07/2023
01GU54U,Adhoc Reference,BSO,interpipes,20/07/2023
01GU4TV,Adhoc Reference,BSO,interpipes,20/07/2023
01GU4FH,Adhoc Reference,BSO,interpipes,20/07/2023
01GU4EJ,Adhoc Reference,BSO,interpipes,20/07/2023
01GU4EE,Adhoc Reference,BSO,interpipes,20/07/2023
01GU4ED,Adhoc Reference,BSO,interpipes,20/07/2023
01GU4EF,Adhoc Reference,BSO,interpipes,20/07/2023
01GTTJ8,Adhoc Reference,BSO,interpipes,20/07/2023
01GTTJH,Adhoc Reference,BSO,interpipes,20/07/2023
01GU2L1,Adhoc Reference,BSO,interpipes,20/07/2023
01GU2LC,Adhoc Reference,BSO,interpipes,20/07/2023
01GU2LL,Adhoc Reference,BSO,interpipes,20/07/2023
01GU5MV,Adhoc Reference,BSO,interpipes,20/07/2023
01GU2LX,Adhoc Reference,BSO,interpipes,20/07/2023
01GU632,Adhoc Reference,BSO,interpipes,20/07/2023
01GU64R,Adhoc Reference,BSO,interpipes,20/07/2023
01GU5N4,Adhoc Reference,BSO,interpipes,20/07/2023
01GU5QF,Adhoc Reference,BSO,interpipes,20/07/2023
01GU5N7,Adhoc Reference,BSO,interpipes,20/07/2023
01GTX3F,Adhoc Reference,BSO,interpipes,20/07/2023
01GTWTP,Adhoc Reference,BSO,interpipes,20/07/2023
01GUPT6,Adhoc Reference,BSO,interpipes,20/07/2023
01GUNF7,Adhoc Reference,BSO,interpipes,20/07/2023
01GUNFJ,Adhoc Reference,BSO,interpipes,20/07/2023
01GUPFC,Adhoc Reference,BSO,interpipes,20/07/2023
01GUPAW,Adhoc Reference,BSO,interpipes,20/07/2023
01GUNFT,Adhoc Reference,BSO,interpipes,20/07/2023
01GUPC2,Adhoc Reference,BSO,interpipes,20/07/2023
01GUNG4,Adhoc Reference,BSO,interpipes,20/07/2023
01GUPEU,Adhoc Reference,BSO,interpipes,20/07/2023
01GUKG9,Adhoc Reference,BSO,interpipes,20/07/2023
01GUKCF,Adhoc Reference,BSO,interpipes,20/07/2023
01GU4UD,Adhoc Reference,BSO,interpipes,20/07/2023
01GU4UT,Adhoc Reference,BSO,interpipes,20/07/2023
01GU6GM,Adhoc Reference,BSO,interpipes,20/07/2023
01GU6G0,Adhoc Reference,BSO,interpipes,20/07/2023
01GU6GX,Adhoc Reference,BSO,interpipes,20/07/2023
01GU6CD,Adhoc Reference,BSO,interpipes,20/07/2023
01GU6CJ,Adhoc Reference,BSO,interpipes,20/07/2023
01GUWD7,Adhoc Reference,BSO,interpipes,20/07/2023
01GURGK,Adhoc Reference,BSO,interpipes,20/07/2023
01GUTJ7,Adhoc Reference,BSO,interpipes,20/07/2023
01GUTFG,Adhoc Reference,BSO,interpipes,20/07/2023
01GUTF8,Adhoc Reference,BSO,interpipes,20/07/2023
01GTQT9,Adhoc Reference,BSO,interpipes,20/07/2023
01GTN30,Adhoc Reference,BSO,interpipes,20/07/2023
01GULK5,Adhoc Reference,BSO,interpipes,20/07/2023
01GULJY,Adhoc Reference,BSO,interpipes,20/07/2023
01GUF7W,Adhoc Reference,BSO,interpipes,20/07/2023
01GK62H,Adhoc Reference,BSO,interpipes,20/07/2023
01GUCJM,Adhoc Reference,BSO,interpipes,20/07/2023
01GQKK0,Adhoc Reference,BSO,interpipes,20/07/2023
01GUCJN,Adhoc Reference,BSO,interpipes,20/07/2023
01GUFPH,Adhoc Reference,BSO,interpipes,20/07/2023
01GTWYD,Adhoc Reference,BSO,interpipes,20/07/2023
01GUH3J,Adhoc Reference,BSO,interpipes,20/07/2023
01GUH4X,Adhoc Reference,BSO,interpipes,20/07/2023
01GUGFN,Adhoc Reference,BSO,interpipes,20/07/2023
01GUGGM,Adhoc Reference,BSO,interpipes,20/07/2023
01GUG0T,Adhoc Reference,BSO,interpipes,20/07/2023
01GN8HC,Adhoc Reference,BSO,interpipes,20/07/2023
01GTKYP,Adhoc Reference,BSO,interpipes,20/07/2023
01GUHA4,Adhoc Reference,BSO,interpipes,20/07/2023
01GUT1Q,Adhoc Reference,BSO,interpipes,20/07/2023
01GUKT3,Adhoc Reference,BSO,interpipes,20/07/2023
01GN8HC,DEL BE,OPS,interpipes,20/07/2023
01GPG21,DEL BE,OPS,interpipes,20/07/2023
01GRUCH,Customer HAWB,OPS,broker,20/07/2023
01GQAME,Customer HAWB,OPS,broker,20/07/2023
01GU9L0,Expected Qty.,BSO,plant,20/07/2023
01GLFP7,Miles,BSO,plant,20/07/2023
01GM29U,Miles,BSO,plant,20/07/2023
01GM29W,Miles,BSO,plant,20/07/2023
01GPA5E,Miles,BSO,plant,20/07/2023
01GPA6H,Miles,BSO,plant,20/07/2023
01GPA60,Miles,BSO,plant,20/07/2023
01GPA5V,Miles,BSO,plant,20/07/2023
01GPA5M,Miles,BSO,plant,20/07/2023
01GPA5U,Miles,BSO,plant,20/07/2023
01GP9X7,Miles,BSO,plant,20/07/2023
01GP9XQ,Miles,BSO,plant,20/07/2023
01GPA54,Miles,BSO,plant,20/07/2023
01GPA75,Miles,BSO,plant,20/07/2023
01GPA4R,Miles,BSO,plant,20/07/2023
01GPA1L,Miles,BSO,plant,20/07/2023
01GP9XX,Miles,BSO,plant,20/07/2023
01GPA55,Miles,BSO,plant,20/07/2023
01GPA4F,Miles,BSO,plant,20/07/2023
01GPA2L,Miles,BSO,plant,20/07/2023
01GPUMY,Miles,BSO,plant,20/07/2023
01GNNA2,Miles,BSO,plant,20/07/2023
01GNNA1,Miles,BSO,plant,20/07/2023
01GQ0KM,Miles,BSO,plant,20/07/2023
01GKHR0,Miles,BSO,plant,20/07/2023
01GKFED,Miles,BSO,plant,20/07/2023
01GKFE9,Miles,BSO,plant,20/07/2023
01GKFEQ,Miles,BSO,plant,20/07/2023
01GKRMF,Miles,BSO,plant,20/07/2023
01GQ2NQ,Miles,BSO,plant,20/07/2023
01GKDQU,Miles,BSO,plant,20/07/2023
01GQ0HD,Miles,BSO,plant,20/07/2023
01GQ0GM,Miles,BSO,plant,20/07/2023
01GKRMN,Miles,BSO,plant,20/07/2023
01GJDVW,Miles,BSO,plant,20/07/2023
01GKHR6,Miles,BSO,plant,20/07/2023
01GJDTT,Miles,BSO,plant,20/07/2023
01GQD5M,Miles,BSO,plant,20/07/2023
01GK6FQ,Miles,BSO,plant,20/07/2023
01GK6F4,Miles,BSO,plant,20/07/2023
01GK6GK,Miles,BSO,plant,20/07/2023
01GQLJ3,Miles,BSO,plant,20/07/2023
01GQH3F,Miles,BSO,plant,20/07/2023
01GHR4D,Miles,BSO,plant,20/07/2023
01GHR41,Miles,BSO,plant,20/07/2023
01GHR52,Miles,BSO,plant,20/07/2023
01GHR3U,Miles,BSO,plant,20/07/2023
01GHTTY,Miles,BSO,plant,20/07/2023
01GJ0P1,Miles,BSO,plant,20/07/2023
01GGLQH,Miles,BSO,plant,20/07/2023
01GT65T,Miles,BSO,plant,20/07/2023
01GT65M,Miles,BSO,plant,20/07/2023
01GT661,Miles,BSO,plant,20/07/2023
01GT65G,Miles,BSO,plant,20/07/2023
01GT655,Miles,BSO,plant,20/07/2023
01GHVDW,Miles,BSO,plant,20/07/2023
01GJ2A3,Miles,BSO,plant,20/07/2023
01GHPTC,Miles,BSO,plant,20/07/2023
01GHX1X,Miles,BSO,plant,20/07/2023
01GT70C,Miles,BSO,plant,20/07/2023
01GT70U,Miles,BSO,plant,20/07/2023
01GT70G,Miles,BSO,plant,20/07/2023
01GHPTX,Miles,BSO,plant,20/07/2023
01GHPQX,Miles,BSO,plant,20/07/2023
01GHPTQ,Miles,BSO,plant,20/07/2023
01GHX4N,Miles,BSO,plant,20/07/2023
01GTR6U,Miles,BSO,plant,20/07/2023
01GTR80,Miles,BSO,plant,20/07/2023
01GTRET,Miles,BSO,plant,20/07/2023
01GK0NL,Miles,BSO,plant,20/07/2023
01GKDKV,Miles,BSO,plant,20/07/2023
01GKDJ5,Miles,BSO,plant,20/07/2023
01GKDJF,Miles,BSO,plant,20/07/2023
01GQ1Q4,Miles,BSO,plant,20/07/2023
01GKNTN,Miles,BSO,plant,20/07/2023
01GKNT9,Miles,BSO,plant,20/07/2023
01GKNTF,Miles,BSO,plant,20/07/2023
01GK3AN,Miles,BSO,plant,20/07/2023
01GK2AV,Miles,BSO,plant,20/07/2023
01GK4X2,Miles,BSO,plant,20/07/2023
01GK4VE,Miles,BSO,plant,20/07/2023
01GK4W3,Miles,BSO,plant,20/07/2023
01GKAG4,Miles,BSO,plant,20/07/2023
01GKAF4,Miles,BSO,plant,20/07/2023
01GK1MH,Miles,BSO,plant,20/07/2023
01GKAEL,Miles,BSO,plant,20/07/2023
01GKAE6,Miles,BSO,plant,20/07/2023
01GKAEE,Miles,BSO,plant,20/07/2023
01GJY3P,Miles,BSO,plant,20/07/2023
01GK3C3,Miles,BSO,plant,20/07/2023
01GK3C2,Miles,BSO,plant,20/07/2023
01GJY2Y,Miles,BSO,plant,20/07/2023
01GJY2H,Miles,BSO,plant,20/07/2023
01GJY28,Miles,BSO,plant,20/07/2023
01GK1MD,Miles,BSO,plant,20/07/2023
01GQ6LM,Miles,BSO,plant,20/07/2023
01GK02R,Miles,BSO,plant,20/07/2023
01GK8MF,Miles,BSO,plant,20/07/2023
01GK8MD,Miles,BSO,plant,20/07/2023
01GK846,Miles,BSO,plant,20/07/2023
01GK8ME,Miles,BSO,plant,20/07/2023
01GU0PQ,Miles,BSO,plant,20/07/2023
01GU5KQ,Miles,BSO,plant,20/07/2023
01GU5F8,Miles,BSO,plant,20/07/2023
01GU5DY,Miles,BSO,plant,20/07/2023
01GU5X6,Miles,BSO,plant,20/07/2023
01GU14L,Miles,BSO,plant,20/07/2023
01GU109,Miles,BSO,plant,20/07/2023
01GU10C,Miles,BSO,plant,20/07/2023
01GUFRY,Miles,BSO,plant,20/07/2023
01GU10P,Miles,BSO,plant,20/07/2023
01GU2XY,Miles,BSO,plant,20/07/2023
01GU2Y1,Miles,BSO,plant,20/07/2023
01GU0UF,Miles,BSO,plant,20/07/2023
01GU0NV,Miles,BSO,plant,20/07/2023
01GU0NX,Miles,BSO,plant,20/07/2023
01GU0NR,Miles,BSO,plant,20/07/2023
01GU2Y9,Miles,BSO,plant,20/07/2023
01GU0NW,Miles,BSO,plant,20/07/2023
01GU0PH,Miles,BSO,plant,20/07/2023
01GU0NQ,Miles,BSO,plant,20/07/2023
01GU0NT,Miles,BSO,plant,20/07/2023
01GU0P1,Miles,BSO,plant,20/07/2023
01GU0VR,Miles,BSO,plant,20/07/2023
01GU0P9,Miles,BSO,plant,20/07/2023
01GU0NY,Miles,BSO,plant,20/07/2023
01GU7QC,Miles,BSO,plant,20/07/2023
01GU7RC,Miles,BSO,plant,20/07/2023
01GU7QP,Miles,BSO,plant,20/07/2023
01GU7QN,Miles,BSO,plant,20/07/2023
01GU840,Miles,BSO,plant,20/07/2023
01GU7QF,Miles,BSO,plant,20/07/2023
01GU845,Miles,BSO,plant,20/07/2023
01GUR1D,Miles,BSO,plant,20/07/2023
01GUR2C,Miles,BSO,plant,20/07/2023
01GURHJ,Miles,BSO,plant,20/07/2023
01GUTYM,Miles,BSO,plant,20/07/2023
01GUU7E,Miles,BSO,plant,20/07/2023
01GT2V2,Miles,BSO,plant,20/07/2023
01GUH92,Miles,BSO,plant,20/07/2023
01GUH97,Miles,BSO,plant,20/07/2023
01GUH9H,Miles,BSO,plant,20/07/2023
01GUH96,Miles,BSO,plant,20/07/2023
01GUH98,Miles,BSO,plant,20/07/2023
01GUH91,Miles,BSO,plant,20/07/2023
01GUH4M,Miles,BSO,plant,20/07/2023
01GUH9J,Miles,BSO,plant,20/07/2023
01GUH9G,Miles,BSO,plant,20/07/2023
01GUH94,Miles,BSO,plant,20/07/2023
01GUH9K,Miles,BSO,plant,20/07/2023
01GUHPW,Miles,BSO,plant,20/07/2023
01GUHPM,Miles,BSO,plant,20/07/2023
01GUHRW,Miles,BSO,plant,20/07/2023
01GUHT1,Miles,BSO,plant,20/07/2023
01GUHRT,Miles,BSO,plant,20/07/2023
01GUHRX,Miles,BSO,plant,20/07/2023
01GUHT4,Miles,BSO,plant,20/07/2023
01GUHRP,Miles,BSO,plant,20/07/2023
01GUH9F,Miles,BSO,plant,20/07/2023
01GUHNX,Miles,BSO,plant,20/07/2023
01GUHPR,Miles,BSO,plant,20/07/2023
01GUHPC,Miles,BSO,plant,20/07/2023
01GUHRN,Miles,BSO,plant,20/07/2023
01GUHR6,Miles,BSO,plant,20/07/2023
01GUHR8,Miles,BSO,plant,20/07/2023
01GUHNY,Miles,BSO,plant,20/07/2023
01GUHR4,Miles,BSO,plant,20/07/2023
01GULD4,Miles,BSO,plant,20/07/2023
01GUHPH,Miles,BSO,plant,20/07/2023
01GUHRU,Miles,BSO,plant,20/07/2023
01GUHPK,Miles,BSO,plant,20/07/2023
01GUHT0,Miles,BSO,plant,20/07/2023
01GUHT2,Miles,BSO,plant,20/07/2023
01GULVU,Miles,BSO,plant,20/07/2023
01GUHPP,Miles,BSO,plant,20/07/2023
01GTFMA,Miles,BSO,plant,20/07/2023
01GULGC,Miles,BSO,plant,20/07/2023
01GUK4P,Miles,BSO,plant,20/07/2023
01GUK59,Miles,BSO,plant,20/07/2023
01GUXN3,Miles,BSO,plant,20/07/2023
01GUXN4,Miles,BSO,plant,20/07/2023
01GUXN1,Miles,BSO,plant,20/07/2023
01GULKY,Miles,BSO,plant,20/07/2023
01GUXL7,Miles,BSO,plant,20/07/2023
01GT3UX,Miles,BSO,plant,20/07/2023
01GT474,Miles,BSO,plant,20/07/2023
01GTE9T,Miles,BSO,plant,20/07/2023
01GTDMF,Miles,BSO,plant,20/07/2023
01GU6NT,Miles,BSO,plant,20/07/2023
01GU3DL,Miles,BSO,plant,20/07/2023
01GU371,Miles,BSO,plant,20/07/2023
01GUTW5,Miles,BSO,plant,20/07/2023
01GUVA6,Miles,BSO,plant,20/07/2023
01GU7K7,Miles,BSO,plant,20/07/2023
01GU7PE,Miles,BSO,plant,20/07/2023
01GU7P2,Miles,BSO,plant,20/07/2023
01GU7PA,Miles,BSO,plant,20/07/2023
01GUWG4,Miles,BSO,plant,20/07/2023
01GUR73,Miles,BSO,plant,20/07/2023
01GUR6C,Miles,BSO,plant,20/07/2023
01GUW8X,Miles,BSO,plant,20/07/2023
01GUWAU,Miles,BSO,plant,20/07/2023
01GUWC5,Miles,BSO,plant,20/07/2023
01GUWAD,Miles,BSO,plant,20/07/2023
01GUWAQ,Miles,BSO,plant,20/07/2023
01GU6DV,Miles,BSO,plant,20/07/2023
01GU695,Miles,BSO,plant,20/07/2023
01GUVA7,Miles,BSO,plant,20/07/2023
01GU6KL,Miles,BSO,plant,20/07/2023
01GUVC6,Miles,BSO,plant,20/07/2023
01GU6JC,Miles,BSO,plant,20/07/2023
01GU6JA,Miles,BSO,plant,20/07/2023
01GU696,Miles,BSO,plant,20/07/2023
01GU68U,Miles,BSO,plant,20/07/2023
01GU4RY,Miles,BSO,plant,20/07/2023
01GUV7G,Miles,BSO,plant,20/07/2023
01GUV7D,Miles,BSO,plant,20/07/2023
01GUV91,Miles,BSO,plant,20/07/2023
01GUV84,Miles,BSO,plant,20/07/2023
01GUV7E,Miles,BSO,plant,20/07/2023
01GUV7H,Miles,BSO,plant,20/07/2023
01GUV8M,Miles,BSO,plant,20/07/2023
01GUV63,Miles,BSO,plant,20/07/2023
01GUDLJ,Miles,BSO,plant,20/07/2023
01GUR59,Miles,BSO,plant,20/07/2023
01GUR71,Miles,BSO,plant,20/07/2023
01GU6C8,Miles,BSO,plant,20/07/2023
01GU6C3,Miles,BSO,plant,20/07/2023
01GUV98,Miles,BSO,plant,20/07/2023
01GUDNQ,Miles,BSO,plant,20/07/2023
01GU57M,Miles,BSO,plant,20/07/2023
01GJAA8,Miles,BSO,plant,20/07/2023
01GNQP9,Miles,BSO,plant,20/07/2023
01GN69L,Miles,BSO,plant,20/07/2023
01GNQQN,Miles,BSO,plant,20/07/2023
01GNT4T,Miles,BSO,plant,20/07/2023
01GNY5N,Miles,BSO,plant,20/07/2023
01GLE0F,Miles,BSO,plant,20/07/2023
01GNT7P,Miles,BSO,plant,20/07/2023
01GP005,Miles,BSO,plant,20/07/2023
01GNQNY,Miles,BSO,plant,20/07/2023
01GNYCF,Miles,BSO,plant,20/07/2023
01GNQNL,Miles,BSO,plant,20/07/2023
01GNPF4,Miles,BSO,plant,20/07/2023
01GNPGA,Miles,BSO,plant,20/07/2023
01GNPDJ,Miles,BSO,plant,20/07/2023
01GNQQE,Miles,BSO,plant,20/07/2023
01GP5F1,Miles,BSO,plant,20/07/2023
01GJA9H,Miles,BSO,plant,20/07/2023
01GJ7YX,Miles,BSO,plant,20/07/2023
01GJ7VM,Miles,BSO,plant,20/07/2023
01GJ7XQ,Miles,BSO,plant,20/07/2023
01GNT47,Miles,BSO,plant,20/07/2023
01GMU1J,Miles,BSO,plant,20/07/2023
01GMU27,Miles,BSO,plant,20/07/2023
01GMTYF,Miles,BSO,plant,20/07/2023
01GMU0H,Miles,BSO,plant,20/07/2023
01GMXQU,Miles,BSO,plant,20/07/2023
01GP9MU,Miles,BSO,plant,20/07/2023
01GKW1F,Miles,BSO,plant,20/07/2023
01GLGHM,Miles,BSO,plant,20/07/2023
01GLGHF,Miles,BSO,plant,20/07/2023
01GP9M6,Miles,BSO,plant,20/07/2023
01GMYJ7,Miles,BSO,plant,20/07/2023
01GMT3N,Miles,BSO,plant,20/07/2023
01GPC8C,Miles,BSO,plant,20/07/2023
01GLF7R,Miles,BSO,plant,20/07/2023
01GKYN4,Miles,BSO,plant,20/07/2023
01GP9MF,Miles,BSO,plant,20/07/2023
01GPXEY,Miles,BSO,plant,20/07/2023
01GKYLY,Miles,BSO,plant,20/07/2023
01GPXHJ,Miles,BSO,plant,20/07/2023
01GPXGW,Miles,BSO,plant,20/07/2023
01GKYNH,Miles,BSO,plant,20/07/2023
01GJPR5,Miles,BSO,plant,20/07/2023
01GJPPH,Miles,BSO,plant,20/07/2023
01GQA4V,Miles,BSO,plant,20/07/2023
01GJAWK,Miles,BSO,plant,20/07/2023
01GJQG5,Miles,BSO,plant,20/07/2023
01GJQ8Y,Miles,BSO,plant,20/07/2023
01GPC88,Miles,BSO,plant,20/07/2023
01GJR8X,Miles,BSO,plant,20/07/2023
01GJR8F,Miles,BSO,plant,20/07/2023
01GJWJ8,Miles,BSO,plant,20/07/2023
01GJWJA,Miles,BSO,plant,20/07/2023
01GJWH7,Miles,BSO,plant,20/07/2023
01GM8NU,Miles,BSO,plant,20/07/2023
01GPHJ7,Miles,BSO,plant,20/07/2023
01GM6DU,Miles,BSO,plant,20/07/2023
01GM6HF,Miles,BSO,plant,20/07/2023
01GM6FC,Miles,BSO,plant,20/07/2023
01GJK1H,Miles,BSO,plant,20/07/2023
01GJK1L,Miles,BSO,plant,20/07/2023
01GND6M,Miles,BSO,plant,20/07/2023
01GMKRE,Miles,BSO,plant,20/07/2023
01GP2QQ,Miles,BSO,plant,20/07/2023
01GNG06,Miles,BSO,plant,20/07/2023
01GP3FJ,Miles,BSO,plant,20/07/2023
01GP2PM,Miles,BSO,plant,20/07/2023
01GNG0P,Miles,BSO,plant,20/07/2023
01GP6J6,Miles,BSO,plant,20/07/2023
01GNG1W,Miles,BSO,plant,20/07/2023
01GP2TC,Miles,BSO,plant,20/07/2023
01GP6JK,Miles,BSO,plant,20/07/2023
01GP2UM,Miles,BSO,plant,20/07/2023
01GLC98,Miles,BSO,plant,20/07/2023
01GP6HL,Miles,BSO,plant,20/07/2023
01GP6H9,Miles,BSO,plant,20/07/2023
01GP6HR,Miles,BSO,plant,20/07/2023
01GLC65,Miles,BSO,plant,20/07/2023
01GLC61,Miles,BSO,plant,20/07/2023
01GJHM3,Miles,BSO,plant,20/07/2023
01GJNE9,Miles,BSO,plant,20/07/2023
01GJRH9,Miles,BSO,plant,20/07/2023
01GN9Q2,Miles,BSO,plant,20/07/2023
01GN9R7,Miles,BSO,plant,20/07/2023
01GN9RF,Miles,BSO,plant,20/07/2023
01GN9QW,Miles,BSO,plant,20/07/2023
01GP5GQ,Miles,BSO,plant,20/07/2023
01GP5GA,Miles,BSO,plant,20/07/2023
01GP5G2,Miles,BSO,plant,20/07/2023
01GN812,Miles,BSO,plant,20/07/2023
01GN81R,Miles,BSO,plant,20/07/2023
01GN7Y5,Miles,BSO,plant,20/07/2023
01GJNFC,Miles,BSO,plant,20/07/2023
01GJLQX,Miles,BSO,plant,20/07/2023
01GJHLY,Miles,BSO,plant,20/07/2023
01GJHLK,Miles,BSO,plant,20/07/2023
01GTHAA,Miles,BSO,plant,20/07/2023
01GTR4V,Miles,BSO,plant,20/07/2023
01GTN36,Miles,BSO,plant,20/07/2023
01GTFR5,Miles,BSO,plant,20/07/2023
01GTTQC,Miles,BSO,plant,20/07/2023
01GTTTG,Miles,BSO,plant,20/07/2023
01GT1AR,Miles,BSO,plant,20/07/2023
01GT17Q,Miles,BSO,plant,20/07/2023
01GT1D4,Miles,BSO,plant,20/07/2023
01GT1DR,Miles,BSO,plant,20/07/2023
01GTLJM,Miles,BSO,plant,20/07/2023
01GTK77,Miles,BSO,plant,20/07/2023
01GTN4N,Miles,BSO,plant,20/07/2023
01GTN4E,Miles,BSO,plant,20/07/2023
01GT2DE,Miles,BSO,plant,20/07/2023
01GTE52,Miles,BSO,plant,20/07/2023
01GTE57,Miles,BSO,plant,20/07/2023
01GTCG8,Miles,BSO,plant,20/07/2023
01GTCGM,Miles,BSO,plant,20/07/2023
01GT2ED,Miles,BSO,plant,20/07/2023
01GTK7J,Miles,BSO,plant,20/07/2023
01GTJP2,Miles,BSO,plant,20/07/2023
01GTPUA,Miles,BSO,plant,20/07/2023
01GTFRD,Miles,BSO,plant,20/07/2023
01GTA67,Miles,BSO,plant,20/07/2023
01GTACV,Miles,BSO,plant,20/07/2023
01GTCLL,Miles,BSO,plant,20/07/2023
01GT8KL,Miles,BSO,plant,20/07/2023
01GT74N,Miles,BSO,plant,20/07/2023
01GT79E,Miles,BSO,plant,20/07/2023
01GT71Q,Miles,BSO,plant,20/07/2023
01GT7FT,Miles,BSO,plant,20/07/2023
01GT7CV,Miles,BSO,plant,20/07/2023
01GT484,Miles,BSO,plant,20/07/2023
01GTA2F,Miles,BSO,plant,20/07/2023
01GTA1T,Miles,BSO,plant,20/07/2023
01GTA3Q,Miles,BSO,plant,20/07/2023
01GT2MX,Miles,BSO,plant,20/07/2023
01GT2R0,Miles,BSO,plant,20/07/2023
01GT1AC,Miles,BSO,plant,20/07/2023
01GT190,Miles,BSO,plant,20/07/2023
01GT18R,Miles,BSO,plant,20/07/2023
01GT18H,Miles,BSO,plant,20/07/2023
01GT1AM,Miles,BSO,plant,20/07/2023
01GNMPG,Miles,BSO,plant,20/07/2023
01GNJV6,Miles,BSO,plant,20/07/2023
01GNMPP,Miles,BSO,plant,20/07/2023
01GNUXA,Miles,BSO,plant,20/07/2023
01GNUXU,Miles,BSO,plant,20/07/2023
01GNUY3,Miles,BSO,plant,20/07/2023
01GN4NK,Miles,BSO,plant,20/07/2023
01GHMJ4,Miles,BSO,plant,20/07/2023
01GHMJ3,Miles,BSO,plant,20/07/2023
01GHLX5,Miles,BSO,plant,20/07/2023
01GN4PD,Miles,BSO,plant,20/07/2023
01GN4NE,Miles,BSO,plant,20/07/2023
01GPWC0,Miles,BSO,plant,20/07/2023
01GMQA2,Miles,BSO,plant,20/07/2023
01GMQTK,Miles,BSO,plant,20/07/2023
01GPVM9,Miles,BSO,plant,20/07/2023
01GPVL8,Miles,BSO,plant,20/07/2023
01GPVN4,Miles,BSO,plant,20/07/2023
01GPVN3,Miles,BSO,plant,20/07/2023
01GHL7T,Miles,BSO,plant,20/07/2023
01GHL8D,Miles,BSO,plant,20/07/2023
01GHL6Q,Miles,BSO,plant,20/07/2023
01GHN44,Miles,BSO,plant,20/07/2023
01GPEYM,Miles,BSO,plant,20/07/2023
01GHJG4,Miles,BSO,plant,20/07/2023
01GMEP1,Miles,BSO,plant,20/07/2023
01GLGXN,Miles,BSO,plant,20/07/2023
01GLF7U,Miles,BSO,plant,20/07/2023
01GHHPM,Miles,BSO,plant,20/07/2023
01GN18F,Miles,BSO,plant,20/07/2023
01GN17Q,Miles,BSO,plant,20/07/2023
01GMYHY,Miles,BSO,plant,20/07/2023
01GP83G,Miles,BSO,plant,20/07/2023
01GP83H,Miles,BSO,plant,20/07/2023
01GMVP7,Miles,BSO,plant,20/07/2023
01GMVPV,Miles,BSO,plant,20/07/2023
01GMX53,Miles,BSO,plant,20/07/2023
01GMX5A,Miles,BSO,plant,20/07/2023
01GMX59,Miles,BSO,plant,20/07/2023
01GHFWN,Miles,BSO,plant,20/07/2023
01GN4N4,Miles,BSO,plant,20/07/2023
01GHFWY,Miles,BSO,plant,20/07/2023
01GHJGP,Miles,BSO,plant,20/07/2023
01GHFX7,Miles,BSO,plant,20/07/2023
01GMVMK,Miles,BSO,plant,20/07/2023
01GN2J3,Miles,BSO,plant,20/07/2023
01GP9MA,Miles,BSO,plant,20/07/2023
01GN2J0,Miles,BSO,plant,20/07/2023
01GHGEF,Miles,BSO,plant,20/07/2023
01GHH6J,Miles,BSO,plant,20/07/2023
01GHH60,Miles,BSO,plant,20/07/2023
01GHH5T,Miles,BSO,plant,20/07/2023
01GM0D4,Miles,BSO,plant,20/07/2023
01GM0UD,Miles,BSO,plant,20/07/2023
01GM0UE,Miles,BSO,plant,20/07/2023
01GM0E1,Miles,BSO,plant,20/07/2023
01GM0A3,Miles,BSO,plant,20/07/2023
01GM0AQ,Miles,BSO,plant,20/07/2023
01GM0CE,Miles,BSO,plant,20/07/2023
01GM5PJ,Miles,BSO,plant,20/07/2023
01GM33G,Miles,BSO,plant,20/07/2023
01GM340,Miles,BSO,plant,20/07/2023
01GL8AU,Miles,BSO,plant,20/07/2023
01GTF8E,Miles,BSO,plant,20/07/2023
01GTKDA,Miles,BSO,plant,20/07/2023
01GTJQE,Miles,BSO,plant,20/07/2023
01GTH41,Miles,BSO,plant,20/07/2023
01GM1LD,Miles,BSO,plant,20/07/2023
01GPC8F,Miles,BSO,plant,20/07/2023
01GMQ9Y,Miles,BSO,plant,20/07/2023
01GNK07,Miles,BSO,plant,20/07/2023
01GNXW0,Miles,BSO,plant,20/07/2023
01GNLDX,Miles,BSO,plant,20/07/2023
01GNLGF,Miles,BSO,plant,20/07/2023
01GNLH0,Miles,BSO,plant,20/07/2023
01GNLHH,Miles,BSO,plant,20/07/2023
01GPQ76,Miles,BSO,plant,20/07/2023
01GP0TC,Miles,BSO,plant,20/07/2023
01GP0TK,Miles,BSO,plant,20/07/2023
01GNKEN,Miles,BSO,plant,20/07/2023
01GMNPW,Miles,BSO,plant,20/07/2023
01GMP2V,Miles,BSO,plant,20/07/2023
01GMNPU,Miles,BSO,plant,20/07/2023
01GMKNQ,Miles,BSO,plant,20/07/2023
01GNHTY,Miles,BSO,plant,20/07/2023
01GNHUQ,Miles,BSO,plant,20/07/2023
01GNUYQ,Miles,BSO,plant,20/07/2023
01GNJ62,Miles,BSO,plant,20/07/2023
01GMMEU,Miles,BSO,plant,20/07/2023
01GMMEQ,Miles,BSO,plant,20/07/2023
01GMMF2,Miles,BSO,plant,20/07/2023
01GNHVE,Miles,BSO,plant,20/07/2023
01GLDPN,Miles,BSO,plant,20/07/2023
01GLDQJ,Miles,BSO,plant,20/07/2023
01GLDQ1,Miles,BSO,plant,20/07/2023
01GPUDV,Miles,BSO,plant,20/07/2023
01GPUD2,Miles,BSO,plant,20/07/2023
01GL8N7,Miles,BSO,plant,20/07/2023
01GPUDH,Miles,BSO,plant,20/07/2023
01GPUCF,Miles,BSO,plant,20/07/2023
01GL9TT,Miles,BSO,plant,20/07/2023
01GLKQK,Miles,BSO,plant,20/07/2023
01GLKQQ,Miles,BSO,plant,20/07/2023
01GPJHM,Miles,BSO,plant,20/07/2023
01GPJEJ,Miles,BSO,plant,20/07/2023
01GLJ32,Miles,BSO,plant,20/07/2023
01GM41T,Miles,BSO,plant,20/07/2023
01GLJ35,Miles,BSO,plant,20/07/2023
01GLJ37,Miles,BSO,plant,20/07/2023
01GM5QM,Miles,BSO,plant,20/07/2023
01GPJF0,Miles,BSO,plant,20/07/2023
01GKEET,Miles,BSO,plant,20/07/2023
01GK7L7,Miles,BSO,plant,20/07/2023
01GKDLN,Miles,BSO,plant,20/07/2023
01GJ02N,Miles,BSO,plant,20/07/2023
01GG9RA,Miles,BSO,plant,20/07/2023
01GG9T4,Miles,BSO,plant,20/07/2023
01GTNYV,Miles,BSO,plant,20/07/2023
01GTNYU,Miles,BSO,plant,20/07/2023
01GTNYY,Miles,BSO,plant,20/07/2023
01GTCUH,Miles,BSO,plant,20/07/2023
01GTL81,Miles,BSO,plant,20/07/2023
01GTMYA,Miles,BSO,plant,20/07/2023
01GTLHX,Miles,BSO,plant,20/07/2023
01GTHAN,Miles,BSO,plant,20/07/2023
01GTMYP,Miles,BSO,plant,20/07/2023
01GTX64,Miles,BSO,plant,20/07/2023
01GTLTG,Miles,BSO,plant,20/07/2023
01GTWJ9,Miles,BSO,plant,20/07/2023
01GTL8Q,Miles,BSO,plant,20/07/2023
01GTTPN,Miles,BSO,plant,20/07/2023
01GTU5T,Miles,BSO,plant,20/07/2023
01GTVP7,Miles,BSO,plant,20/07/2023
01GU7W7,Miles,BSO,plant,20/07/2023
01GU7RG,Miles,BSO,plant,20/07/2023
01GU83U,Miles,BSO,plant,20/07/2023
01GU7VV,Miles,BSO,plant,20/07/2023
01GU7T0,Miles,BSO,plant,20/07/2023
01GU7WR,Miles,BSO,plant,20/07/2023
01GTXNM,Miles,BSO,plant,20/07/2023
01GTRGN,Miles,BSO,plant,20/07/2023
01GTRGG,Miles,BSO,plant,20/07/2023
01GTRGM,Miles,BSO,plant,20/07/2023
01GTTMT,Miles,BSO,plant,20/07/2023
01GTT90,Miles,BSO,plant,20/07/2023
01GTT8Q,Miles,BSO,plant,20/07/2023
01GTRGJ,Miles,BSO,plant,20/07/2023
01GTKDQ,Miles,BSO,plant,20/07/2023
01GTQYA,Miles,BSO,plant,20/07/2023
01GTQXT,Miles,BSO,plant,20/07/2023
01GGMJY,Miles,BSO,plant,20/07/2023
01GGTTP,Miles,BSO,plant,20/07/2023
01GMH0U,Miles,BSO,plant,20/07/2023
01GMH0Y,Miles,BSO,plant,20/07/2023
01GPF0P,Miles,BSO,plant,20/07/2023
01GMFLJ,Miles,BSO,plant,20/07/2023
01GPF05,Miles,BSO,plant,20/07/2023
01GMEHX,Miles,BSO,plant,20/07/2023
01GJ0UY,Miles,BSO,plant,20/07/2023
01GMH0X,Miles,BSO,plant,20/07/2023
01GPEYD,Miles,BSO,plant,20/07/2023
01GHYED,Miles,BSO,plant,20/07/2023
01GME5C,Miles,BSO,plant,20/07/2023
01GME5A,Miles,BSO,plant,20/07/2023
01GJ0P8,Miles,BSO,plant,20/07/2023
01GHYE4,Miles,BSO,plant,20/07/2023
01GMJHG,Miles,BSO,plant,20/07/2023
01GMJHT,Miles,BSO,plant,20/07/2023
01GMFLE,Miles,BSO,plant,20/07/2023
01GHYJ3,Miles,BSO,plant,20/07/2023
01GRWLC,Miles,BSO,plant,20/07/2023
01GRWMR,Miles,BSO,plant,20/07/2023
01GRWGV,Miles,BSO,plant,20/07/2023
01GRUM9,Miles,BSO,plant,20/07/2023
01GRDYG,Miles,BSO,plant,20/07/2023
01GRAE7,Miles,BSO,plant,20/07/2023
01GRPF2,Miles,BSO,plant,20/07/2023
01GRPGX,Miles,BSO,plant,20/07/2023
01GRWQW,Miles,BSO,plant,20/07/2023
01GRT33,Miles,BSO,plant,20/07/2023
01GRUVA,Miles,BSO,plant,20/07/2023
01GRUV6,Miles,BSO,plant,20/07/2023
01GRUVE,Miles,BSO,plant,20/07/2023
01GRHXJ,Miles,BSO,plant,20/07/2023
01GRHXW,Miles,BSO,plant,20/07/2023
01GUC7V,Miles,BSO,plant,20/07/2023
01GUTRR,Miles,BSO,plant,20/07/2023
01GUF8G,Miles,BSO,plant,20/07/2023
01GUF8Q,Miles,BSO,plant,20/07/2023
01GUFD7,Miles,BSO,plant,20/07/2023
01GUFCD,Miles,BSO,plant,20/07/2023
01GUFRF,Miles,BSO,plant,20/07/2023
01GUFP3,Miles,BSO,plant,20/07/2023
01GUFXG,Miles,BSO,plant,20/07/2023
01GUFTR,Miles,BSO,plant,20/07/2023
01GRCNN,Miles,BSO,plant,20/07/2023
01GRFAC,Miles,BSO,plant,20/07/2023
01GRKUN,Miles,BSO,plant,20/07/2023
01GTX9N,Miles,BSO,plant,20/07/2023
01GUQXK,Miles,BSO,plant,20/07/2023
01GUN1D,Miles,BSO,plant,20/07/2023
01GUPMF,Miles,BSO,plant,20/07/2023
01GUK1G,Miles,BSO,plant,20/07/2023
01GUPQQ,Miles,BSO,plant,20/07/2023
01GTXKL,Miles,BSO,plant,20/07/2023
01GUPLA,Miles,BSO,plant,20/07/2023
01GUL9E,Miles,BSO,plant,20/07/2023
01GUPT2,Miles,BSO,plant,20/07/2023
01GTXWN,Miles,BSO,plant,20/07/2023
01GUDED,Miles,BSO,plant,20/07/2023
01GUUY4,Miles,BSO,plant,20/07/2023
01GUUW2,Miles,BSO,plant,20/07/2023
01GUTPT,Miles,BSO,plant,20/07/2023
01GUTVD,Miles,BSO,plant,20/07/2023
01GUTPU,Miles,BSO,plant,20/07/2023
01GUTQA,Miles,BSO,plant,20/07/2023
01GUTPM,Miles,BSO,plant,20/07/2023
01GUHAC,Miles,BSO,plant,20/07/2023
01GUHAF,Miles,BSO,plant,20/07/2023
01GUTHG,Miles,BSO,plant,20/07/2023
01GTW5Y,Miles,BSO,plant,20/07/2023
01GTW9Y,Miles,BSO,plant,20/07/2023
01GTW5X,Miles,BSO,plant,20/07/2023
01GTW60,Miles,BSO,plant,20/07/2023
01GTVLU,Miles,BSO,plant,20/07/2023
01GRMPX,Miles,BSO,plant,20/07/2023
01GRMPW,Miles,BSO,plant,20/07/2023
01GU2WR,Miles,BSO,plant,20/07/2023
01GRMCK,Miles,BSO,plant,20/07/2023
01GU2H7,Miles,BSO,plant,20/07/2023
01GU374,Miles,BSO,plant,20/07/2023
01GU2G4,Miles,BSO,plant,20/07/2023
01GRM76,Miles,BSO,plant,20/07/2023
01GRF4N,Miles,BSO,plant,20/07/2023
01GRF4E,Miles,BSO,plant,20/07/2023
01GU56T,Miles,BSO,plant,20/07/2023
01GU582,Miles,BSO,plant,20/07/2023
01GTW1R,Miles,BSO,plant,20/07/2023
01GTV9L,Miles,BSO,plant,20/07/2023
01GU13G,Miles,BSO,plant,20/07/2023
01GPP3M,Miles,BSO,plant,20/07/2023
01GLP3N,Miles,BSO,plant,20/07/2023
01GLP42,Miles,BSO,plant,20/07/2023
01GLVHW,Miles,BSO,plant,20/07/2023
01GRQQX,Miles,BSO,plant,20/07/2023
01GRA4M,Miles,BSO,plant,20/07/2023
01GRG54,Miles,BSO,plant,20/07/2023
01GRDKK,Miles,BSO,plant,20/07/2023
01GPLXT,Miles,BSO,plant,20/07/2023
01GPP3R,Miles,BSO,plant,20/07/2023
01GLXTR,Miles,BSO,plant,20/07/2023
01GLXQL,Miles,BSO,plant,20/07/2023
01GPP3X,Miles,BSO,plant,20/07/2023
01GRDNH,Miles,BSO,plant,20/07/2023
01GM89A,Miles,BSO,plant,20/07/2023
01GLP70,Miles,BSO,plant,20/07/2023
01GLQJP,Miles,BSO,plant,20/07/2023
01GM89C,Miles,BSO,plant,20/07/2023
01GM89J,Miles,BSO,plant,20/07/2023
01GLQHD,Miles,BSO,plant,20/07/2023
01GLQHQ,Miles,BSO,plant,20/07/2023
01GLQHX,Miles,BSO,plant,20/07/2023
01GLQJ2,Miles,BSO,plant,20/07/2023
01GLXUN,Miles,BSO,plant,20/07/2023
01GLXVK,Miles,BSO,plant,20/07/2023
01GLXVA,Miles,BSO,plant,20/07/2023
01GLXVR,Miles,BSO,plant,20/07/2023
01GLTV9,Miles,BSO,plant,20/07/2023
01GLP78,Miles,BSO,plant,20/07/2023
01GMAFV,Miles,BSO,plant,20/07/2023
01GMAEG,Miles,BSO,plant,20/07/2023
01GMAEN,Miles,BSO,plant,20/07/2023
01GPGRY,Miles,BSO,plant,20/07/2023
01GPGTN,Miles,BSO,plant,20/07/2023
01GLT4Q,Miles,BSO,plant,20/07/2023
01GPH1L,Miles,BSO,plant,20/07/2023
01GRE43,Miles,BSO,plant,20/07/2023
01GRYYD,Miles,BSO,plant,20/07/2023
01GRE13,Miles,BSO,plant,20/07/2023
01GRDWY,Miles,BSO,plant,20/07/2023
01GU0E3,Customer HAWB,OPS,plant,20/07/2023
01GU157,Customer HAWB,OPS,plant,20/07/2023
01GKHR0,Customer HAWB,BSO,plant,20/07/2023
01GKFED,Customer HAWB,BSO,plant,20/07/2023
01GKFE9,Customer HAWB,BSO,plant,20/07/2023
01GKFEQ,Customer HAWB,BSO,plant,20/07/2023
01GKRMF,Customer HAWB,BSO,plant,20/07/2023
01GKDQU,Customer HAWB,BSO,plant,20/07/2023
01GKRMN,Customer HAWB,BSO,plant,20/07/2023
01GJDVW,Customer HAWB,BSO,plant,20/07/2023
01GKHR6,Customer HAWB,BSO,plant,20/07/2023
01GJDTT,Customer HAWB,BSO,plant,20/07/2023
01GKH0L,Customer HAWB,BSO,plant,20/07/2023
01GKEPK,Customer HAWB,BSO,plant,20/07/2023
01GKEP7,Customer HAWB,BSO,plant,20/07/2023
01GKEP8,Customer HAWB,BSO,plant,20/07/2023
01GKEPD,Customer HAWB,BSO,plant,20/07/2023
01GKENM,Customer HAWB,BSO,plant,20/07/2023
01GKEP1,Customer HAWB,BSO,plant,20/07/2023
01GK6FQ,Customer HAWB,BSO,plant,20/07/2023
01GK6F4,Customer HAWB,BSO,plant,20/07/2023
01GK6GK,Customer HAWB,BSO,plant,20/07/2023
01GHR4D,Customer HAWB,BSO,plant,20/07/2023
01GHR41,Customer HAWB,BSO,plant,20/07/2023
01GHR52,Customer HAWB,BSO,plant,20/07/2023
01GHTTY,Customer HAWB,BSO,plant,20/07/2023
01GJ0P1,Customer HAWB,BSO,plant,20/07/2023
01GHVDW,Customer HAWB,BSO,plant,20/07/2023
01GHPTC,Customer HAWB,BSO,plant,20/07/2023
01GHX1X,Customer HAWB,BSO,plant,20/07/2023
01GHPTX,Customer HAWB,BSO,plant,20/07/2023
01GHPQX,Customer HAWB,BSO,plant,20/07/2023
01GHPTQ,Customer HAWB,BSO,plant,20/07/2023
01GHX4N,Customer HAWB,BSO,plant,20/07/2023
01GK5NK,Customer HAWB,BSO,plant,20/07/2023
01GK9FH,Customer HAWB,BSO,plant,20/07/2023
01GK0NQ,Customer HAWB,BSO,plant,20/07/2023
01GK7K4,Customer HAWB,BSO,plant,20/07/2023
01GKN79,Customer HAWB,BSO,plant,20/07/2023
01GKDKV,Customer HAWB,BSO,plant,20/07/2023
01GKDJ5,Customer HAWB,BSO,plant,20/07/2023
01GKDJF,Customer HAWB,BSO,plant,20/07/2023
01GKNTN,Customer HAWB,BSO,plant,20/07/2023
01GKNT9,Customer HAWB,BSO,plant,20/07/2023
01GKNTF,Customer HAWB,BSO,plant,20/07/2023
01GK3AN,Customer HAWB,BSO,plant,20/07/2023
01GK2AV,Customer HAWB,BSO,plant,20/07/2023
01GK4X2,Customer HAWB,BSO,plant,20/07/2023
01GK4VE,Customer HAWB,BSO,plant,20/07/2023
01GK5NN,Customer HAWB,BSO,plant,20/07/2023
01GK4W3,Customer HAWB,BSO,plant,20/07/2023
01GKAG4,Customer HAWB,BSO,plant,20/07/2023
01GKAF4,Customer HAWB,BSO,plant,20/07/2023
01GK1MH,Customer HAWB,BSO,plant,20/07/2023
01GKAEL,Customer HAWB,BSO,plant,20/07/2023
01GKAE6,Customer HAWB,BSO,plant,20/07/2023
01GKAEE,Customer HAWB,BSO,plant,20/07/2023
01GJY3P,Customer HAWB,BSO,plant,20/07/2023
01GK3C3,Customer HAWB,BSO,plant,20/07/2023
01GK3C2,Customer HAWB,BSO,plant,20/07/2023
01GJY2Y,Customer HAWB,BSO,plant,20/07/2023
01GJY2H,Customer HAWB,BSO,plant,20/07/2023
01GJY28,Customer HAWB,BSO,plant,20/07/2023
01GK1MD,Customer HAWB,BSO,plant,20/07/2023
01GK8MF,Customer HAWB,BSO,plant,20/07/2023
01GK8MD,Customer HAWB,BSO,plant,20/07/2023
01GK846,Customer HAWB,BSO,plant,20/07/2023
01GK8ME,Customer HAWB,BSO,plant,20/07/2023
01GJFPN,Customer HAWB,BSO,plant,20/07/2023
01GJAA8,Customer HAWB,BSO,plant,20/07/2023
01GLE0F,Customer HAWB,BSO,plant,20/07/2023
01GJA9H,Customer HAWB,BSO,plant,20/07/2023
01GJ7YX,Customer HAWB,BSO,plant,20/07/2023
01GJ7VM,Customer HAWB,BSO,plant,20/07/2023
01GJ7XQ,Customer HAWB,BSO,plant,20/07/2023
01GMU1J,Customer HAWB,BSO,plant,20/07/2023
01GMU27,Customer HAWB,BSO,plant,20/07/2023
01GMTYF,Customer HAWB,BSO,plant,20/07/2023
01GMU0H,Customer HAWB,BSO,plant,20/07/2023
01GKW1F,Customer HAWB,BSO,plant,20/07/2023
01GLGHM,Customer HAWB,BSO,plant,20/07/2023
01GLGHF,Customer HAWB,BSO,plant,20/07/2023
01GMT3N,Customer HAWB,BSO,plant,20/07/2023
01GLF7R,Customer HAWB,BSO,plant,20/07/2023
01GKYN4,Customer HAWB,BSO,plant,20/07/2023
01GKYLY,Customer HAWB,BSO,plant,20/07/2023
01GKYNH,Customer HAWB,BSO,plant,20/07/2023
01GL8WC,Customer HAWB,BSO,plant,20/07/2023
01GJPR5,Customer HAWB,BSO,plant,20/07/2023
01GJFE5,Customer HAWB,BSO,plant,20/07/2023
01GJPPH,Customer HAWB,BSO,plant,20/07/2023
01GJAWK,Customer HAWB,BSO,plant,20/07/2023
01GJQG5,Customer HAWB,BSO,plant,20/07/2023
01GJR8X,Customer HAWB,BSO,plant,20/07/2023
01GJR8F,Customer HAWB,BSO,plant,20/07/2023
01GJF07,Customer HAWB,BSO,plant,20/07/2023
01GJF08,Customer HAWB,BSO,plant,20/07/2023
01GJF06,Customer HAWB,BSO,plant,20/07/2023
01GJWJ8,Customer HAWB,BSO,plant,20/07/2023
01GJWJA,Customer HAWB,BSO,plant,20/07/2023
01GJWH7,Customer HAWB,BSO,plant,20/07/2023
01GJK1H,Customer HAWB,BSO,plant,20/07/2023
01GJK1L,Customer HAWB,BSO,plant,20/07/2023
01GMMRW,Customer HAWB,BSO,plant,20/07/2023
01GML38,Customer HAWB,BSO,plant,20/07/2023
01GMKRE,Customer HAWB,BSO,plant,20/07/2023
01GMMTK,Customer HAWB,BSO,plant,20/07/2023
01GLC98,Customer HAWB,BSO,plant,20/07/2023
01GLC65,Customer HAWB,BSO,plant,20/07/2023
01GLC61,Customer HAWB,BSO,plant,20/07/2023
01GJHM3,Customer HAWB,BSO,plant,20/07/2023
01GJX0L,Customer HAWB,BSO,plant,20/07/2023
01GJNE9,Customer HAWB,BSO,plant,20/07/2023
01GJRH9,Customer HAWB,BSO,plant,20/07/2023
01GJNFC,Customer HAWB,BSO,plant,20/07/2023
01GJLQX,Customer HAWB,BSO,plant,20/07/2023
01GJHLY,Customer HAWB,BSO,plant,20/07/2023
01GJHLK,Customer HAWB,BSO,plant,20/07/2023
01GHMJ3,Customer HAWB,BSO,plant,20/07/2023
01GL7CX,Customer HAWB,BSO,plant,20/07/2023
01GMQA2,Customer HAWB,BSO,plant,20/07/2023
01GMQTK,Customer HAWB,BSO,plant,20/07/2023
01GL7D3,Customer HAWB,BSO,plant,20/07/2023
01GLF7U,Customer HAWB,BSO,plant,20/07/2023
01GHHPM,Customer HAWB,BSO,plant,20/07/2023
01GMW95,Customer HAWB,BSO,plant,20/07/2023
01GL8AU,Customer HAWB,BSO,plant,20/07/2023
01GMQ9Y,Customer HAWB,BSO,plant,20/07/2023
01GMNPW,Customer HAWB,BSO,plant,20/07/2023
01GMP2V,Customer HAWB,BSO,plant,20/07/2023
01GMNPU,Customer HAWB,BSO,plant,20/07/2023
01GMKNQ,Customer HAWB,BSO,plant,20/07/2023
01GMMEU,Customer HAWB,BSO,plant,20/07/2023
01GMMEQ,Customer HAWB,BSO,plant,20/07/2023
01GMMF2,Customer HAWB,BSO,plant,20/07/2023
01GLDPN,Customer HAWB,BSO,plant,20/07/2023
01GLDQJ,Customer HAWB,BSO,plant,20/07/2023
01GLDQ1,Customer HAWB,BSO,plant,20/07/2023
01GL8N7,Customer HAWB,BSO,plant,20/07/2023
01GL9TT,Customer HAWB,BSO,plant,20/07/2023
01GLKQK,Customer HAWB,BSO,plant,20/07/2023
01GLKQQ,Customer HAWB,BSO,plant,20/07/2023
01GLJ32,Customer HAWB,BSO,plant,20/07/2023
01GLJ35,Customer HAWB,BSO,plant,20/07/2023
01GMELX,Customer HAWB,BSO,plant,20/07/2023
01GJ0UY,Customer HAWB,BSO,plant,20/07/2023
01GHYED,Customer HAWB,BSO,plant,20/07/2023
01GMEK7,Customer HAWB,BSO,plant,20/07/2023
01GMJU7,Customer HAWB,BSO,plant,20/07/2023
01GME5A,Customer HAWB,BSO,plant,20/07/2023
01GJ0P8,Customer HAWB,BSO,plant,20/07/2023
01GHYE4,Customer HAWB,BSO,plant,20/07/2023
01GMJHG,Customer HAWB,BSO,plant,20/07/2023
01GMJHT,Customer HAWB,BSO,plant,20/07/2023
01GMEMA,Customer HAWB,BSO,plant,20/07/2023
01GMFQT,Customer HAWB,BSO,plant,20/07/2023
01GMHDH,Customer HAWB,BSO,plant,20/07/2023
01GMG0F,Customer HAWB,BSO,plant,20/07/2023
01GHYJ3,Customer HAWB,BSO,plant,20/07/2023
01GLP3N,Customer HAWB,BSO,plant,20/07/2023
01GLP42,Customer HAWB,BSO,plant,20/07/2023
01GLVHW,Customer HAWB,BSO,plant,20/07/2023
01GLP70,Customer HAWB,BSO,plant,20/07/2023
01GLQJP,Customer HAWB,BSO,plant,20/07/2023
01GLQHD,Customer HAWB,BSO,plant,20/07/2023
01GLQHQ,Customer HAWB,BSO,plant,20/07/2023
01GLQHX,Customer HAWB,BSO,plant,20/07/2023
01GLQJ2,Customer HAWB,BSO,plant,20/07/2023
01GLTV9,Customer HAWB,BSO,plant,20/07/2023
01GLP78,Customer HAWB,BSO,plant,20/07/2023
01GLT4Q,Customer HAWB,BSO,plant,20/07/2023
01GMC1A,Customer HAWB,BSO,plant,20/07/2023
01GMC9H,Customer HAWB,BSO,plant,20/07/2023
01GUV9Y,HAWB,BSO,plant,20/07/2023
01GKQM6,HAWB,BSO,plant,20/07/2023
01GJ31Q,HAWB,BSO,plant,20/07/2023
01GJ32C,HAWB,BSO,plant,20/07/2023
01GUW5M,HAWB,BSO,plant,20/07/2023
01GUV9Q,HAWB,BSO,plant,20/07/2023
01GMU1J,HAWB,BSO,plant,20/07/2023
01GMU27,HAWB,BSO,plant,20/07/2023
01GMTYF,HAWB,BSO,plant,20/07/2023
01GMU0H,HAWB,BSO,plant,20/07/2023
01GMT3N,HAWB,BSO,plant,20/07/2023
01GM6DU,HAWB,BSO,plant,20/07/2023
01GMKRE,HAWB,BSO,plant,20/07/2023
01GLC98,HAWB,BSO,plant,20/07/2023
01GMQA2,HAWB,BSO,plant,20/07/2023
01GMQTK,HAWB,BSO,plant,20/07/2023
01GMEP1,HAWB,BSO,plant,20/07/2023
01GMQ9Y,HAWB,BSO,plant,20/07/2023
01GMNPW,HAWB,BSO,plant,20/07/2023
01GMP2V,HAWB,BSO,plant,20/07/2023
01GMNPU,HAWB,BSO,plant,20/07/2023
01GMKNQ,HAWB,BSO,plant,20/07/2023
01GMMEU,HAWB,BSO,plant,20/07/2023
01GMMEQ,HAWB,BSO,plant,20/07/2023
01GMMF2,HAWB,BSO,plant,20/07/2023
01GME5A,HAWB,BSO,plant,20/07/2023
01GMJHG,HAWB,BSO,plant,20/07/2023
01GMJHT,HAWB,BSO,plant,20/07/2023
01GUPWE,HAWB,BSO,plant,20/07/2023
01GUPJ3,HAWB,BSO,plant,20/07/2023
01GUMYQ,HAWB,BSO,plant,20/07/2023
01GUN05,HAWB,BSO,plant,20/07/2023
01GUMYW,HAWB,BSO,plant,20/07/2023
01GUN0J,HAWB,BSO,plant,20/07/2023
01GUPTD,HAWB,BSO,plant,20/07/2023
01GT669,Order Type,BSO,plant,20/07/2023
01GUWD5,Order Type,BSO,plant,20/07/2023
01GUWER,Order Type,BSO,plant,20/07/2023
01GUWD2,Order Type,BSO,plant,20/07/2023
01GUWCX,Order Type,BSO,plant,20/07/2023
01GUWC5,Order Type,BSO,plant,20/07/2023
01GTN6L,Order Type,BSO,plant,20/07/2023
01GG0J4,Requested Service,BSO,plant,20/07/2023
01GG0LV,Requested Service,BSO,plant,20/07/2023
01GG0TD,Requested Service,BSO,plant,20/07/2023
01GFYHC,Requested Service,BSO,plant,20/07/2023
01GG0TA,Requested Service,BSO,plant,20/07/2023
01GG0TF,Requested Service,BSO,plant,20/07/2023
01GG0JL,Requested Service,BSO,plant,20/07/2023
01GH0AT,Requested Service,BSO,plant,20/07/2023
01GUXN8,Requested Service,BSO,plant,20/07/2023
01GG1W8,Requested Service,BSO,plant,20/07/2023
01GPJLY,Requested Service,BSO,plant,20/07/2023
01GUWD5,Requested Service,BSO,plant,20/07/2023
01GUWER,Requested Service,BSO,plant,20/07/2023
01GUWD2,Requested Service,BSO,plant,20/07/2023
01GUWCX,Requested Service,BSO,plant,20/07/2023
01GUWC5,Requested Service,BSO,plant,20/07/2023
01GH6NQ,Requested Service,BSO,plant,20/07/2023
01GU5F8,Tracking Number,OPS,plant,20/07/2023
01GU6NT,Tracking Number,OPS,plant,20/07/2023
01GU4RY,Tracking Number,OPS,plant,20/07/2023
01GU6C8,Tracking Number,OPS,plant,20/07/2023
01GQYAR,Tracking Number,BSO,plant,20/07/2023
01GUV9Y,Tracking Number,BSO,plant,20/07/2023
01GKQM6,Tracking Number,BSO,plant,20/07/2023
01GJ31Q,Tracking Number,BSO,plant,20/07/2023
01GJ32C,Tracking Number,BSO,plant,20/07/2023
01GUW5M,Tracking Number,BSO,plant,20/07/2023
01GUV9Q,Tracking Number,BSO,plant,20/07/2023
01GJFCH,Tracking Number,BSO,plant,20/07/2023
01GM10P,Miles,BSO,vendor,20/07/2023
01GN8QG,Miles,BSO,vendor,20/07/2023
01GNM1X,Miles,BSO,vendor,20/07/2023
01GNM1Y,Miles,BSO,vendor,20/07/2023
01GNM20,Miles,BSO,vendor,20/07/2023
01GUWPQ,Miles,BSO,vendor,20/07/2023
01GULLA,Miles,BSO,vendor,20/07/2023
01GULRA,Miles,BSO,vendor,20/07/2023
01GK5GQ,Miles,BSO,vendor,20/07/2023
01GRQXG,Miles,BSO,vendor,20/07/2023
01GUWQ3,Miles,BSO,vendor,20/07/2023
01GNU5P,Customer HAWB,BSO,vendor,20/07/2023
01GKCRW,Customer HAWB,OPS,vendor,20/07/2023
01GJERC,Customer HAWB,OPS,vendor,20/07/2023
01GKQ3U,Customer HAWB,OPS,vendor,20/07/2023
01GKK8M,Customer HAWB,OPS,vendor,20/07/2023
01GPPDJ,Customer HAWB,OPS,vendor,20/07/2023
01GLL4L,Customer HAWB,OPS,vendor,20/07/2023
01GLDTC,Customer HAWB,OPS,vendor,20/07/2023
01GL0LF,Customer HAWB,OPS,vendor,20/07/2023
01GJT4R,Customer HAWB,OPS,vendor,20/07/2023
01GJXDC,Customer HAWB,OPS,vendor,20/07/2023
01GJT5R,Customer HAWB,OPS,vendor,20/07/2023
01GML0J,Customer HAWB,OPS,vendor,20/07/2023
01GJM1L,Customer HAWB,OPS,vendor,20/07/2023
01GMVWH,Customer HAWB,OPS,vendor,20/07/2023
01GHG1E,Customer HAWB,OPS,vendor,20/07/2023
01GLE0X,Customer HAWB,OPS,vendor,20/07/2023
01GGAN2,Customer HAWB,OPS,vendor,20/07/2023
01GGAMY,Customer HAWB,OPS,vendor,20/07/2023
01GHRJA,Customer HAWB,OPS,vendor,20/07/2023
01GHRTD,Customer HAWB,OPS,vendor,20/07/2023
01GHRCP,Customer HAWB,OPS,vendor,20/07/2023
01GHRD9,Customer HAWB,OPS,vendor,20/07/2023
01GHU60,Customer HAWB,OPS,vendor,20/07/2023
01GGMLL,Customer HAWB,OPS,vendor,20/07/2023
01GGH7T,Customer HAWB,OPS,vendor,20/07/2023
01GGH6Q,Customer HAWB,OPS,vendor,20/07/2023
01GGHY5,Customer HAWB,OPS,vendor,20/07/2023
01GGHX0,Customer HAWB,OPS,vendor,20/07/2023
01GGHYH,Customer HAWB,OPS,vendor,20/07/2023
01GGHXM,Customer HAWB,OPS,vendor,20/07/2023
01GGAQ1,Customer HAWB,OPS,vendor,20/07/2023
01GGAPG,Customer HAWB,OPS,vendor,20/07/2023
01GGC6Y,Customer HAWB,OPS,vendor,20/07/2023
01GH6V3,Customer HAWB,OPS,vendor,20/07/2023
01GH71D,Customer HAWB,OPS,vendor,20/07/2023
01GH70J,Customer HAWB,OPS,vendor,20/07/2023
01GHQ20,Customer HAWB,OPS,vendor,20/07/2023
01GH711,Customer HAWB,OPS,vendor,20/07/2023
01GHPW7,Customer HAWB,OPS,vendor,20/07/2023
01GGWXX,Customer HAWB,OPS,vendor,20/07/2023
01GGJCA,Customer HAWB,OPS,vendor,20/07/2023
01GGKPA,Customer HAWB,OPS,vendor,20/07/2023
01GGKVW,Customer HAWB,OPS,vendor,20/07/2023
01GGD81,Customer HAWB,OPS,vendor,20/07/2023
01GGD7R,Customer HAWB,OPS,vendor,20/07/2023
01GH2KR,Customer HAWB,OPS,vendor,20/07/2023
01GH2KX,Customer HAWB,OPS,vendor,20/07/2023
01GH2L4,Customer HAWB,OPS,vendor,20/07/2023
01GH2L8,Customer HAWB,OPS,vendor,20/07/2023
01GGLT0,Customer HAWB,OPS,vendor,20/07/2023
01GGF12,Customer HAWB,OPS,vendor,20/07/2023
01GGKVK,Customer HAWB,OPS,vendor,20/07/2023
01GGDX6,Customer HAWB,OPS,vendor,20/07/2023
01GGDGE,Customer HAWB,OPS,vendor,20/07/2023
01GGE1J,Customer HAWB,OPS,vendor,20/07/2023
01GGD73,Customer HAWB,OPS,vendor,20/07/2023
01GGDX2,Customer HAWB,OPS,vendor,20/07/2023
01GGGHM,Customer HAWB,OPS,vendor,20/07/2023
01GGFFC,Customer HAWB,OPS,vendor,20/07/2023
01GUFXP,Customer HAWB,OPS,vendor,20/07/2023
01GU33Y,Customer HAWB,OPS,vendor,20/07/2023
01GG95Q,Customer HAWB,OPS,vendor,20/07/2023
01GG93G,Customer HAWB,OPS,vendor,20/07/2023
01GG93U,Customer HAWB,OPS,vendor,20/07/2023
01GHCXR,Customer HAWB,OPS,vendor,20/07/2023
01GG9DP,Customer HAWB,OPS,vendor,20/07/2023
01GG9F2,Customer HAWB,OPS,vendor,20/07/2023
01GG4VU,Customer HAWB,OPS,vendor,20/07/2023
01GG4N0,Customer HAWB,OPS,vendor,20/07/2023
01GG4VC,Customer HAWB,OPS,vendor,20/07/2023
01GG4W1,Customer HAWB,OPS,vendor,20/07/2023
01GG4RT,Customer HAWB,OPS,vendor,20/07/2023
01GG4H5,Customer HAWB,OPS,vendor,20/07/2023
01GG4GC,Customer HAWB,OPS,vendor,20/07/2023
01GG4G7,Customer HAWB,OPS,vendor,20/07/2023
01GG4EA,Customer HAWB,OPS,vendor,20/07/2023
01GG4TL,Customer HAWB,OPS,vendor,20/07/2023
01GG4LC,Customer HAWB,OPS,vendor,20/07/2023
01GG4UY,Customer HAWB,OPS,vendor,20/07/2023
01GG4N5,Customer HAWB,OPS,vendor,20/07/2023
01GG4F2,Customer HAWB,OPS,vendor,20/07/2023
01GG0LX,Customer HAWB,OPS,vendor,20/07/2023
01GG0M2,Customer HAWB,OPS,vendor,20/07/2023
01GG1EK,Customer HAWB,OPS,vendor,20/07/2023
01GG1JW,Customer HAWB,OPS,vendor,20/07/2023
01GG1EY,Customer HAWB,OPS,vendor,20/07/2023
01GG4UF,Customer HAWB,OPS,vendor,20/07/2023
01GG4UK,Customer HAWB,OPS,vendor,20/07/2023
01GG4UN,Customer HAWB,OPS,vendor,20/07/2023
01GG4AV,Customer HAWB,OPS,vendor,20/07/2023
01GG4G0,Customer HAWB,OPS,vendor,20/07/2023
01GFY8P,Customer HAWB,OPS,vendor,20/07/2023
01GFY39,Customer HAWB,OPS,vendor,20/07/2023
01GFYA0,Customer HAWB,OPS,vendor,20/07/2023
01GFY3F,Customer HAWB,OPS,vendor,20/07/2023
01GG974,Customer HAWB,OPS,vendor,20/07/2023
01GG9GG,Customer HAWB,OPS,vendor,20/07/2023
01GHMK8,Customer HAWB,OPS,vendor,20/07/2023
01GHN59,Customer HAWB,OPS,vendor,20/07/2023
01GHALQ,Customer HAWB,OPS,vendor,20/07/2023
01GHAN5,Customer HAWB,OPS,vendor,20/07/2023
01GHMJL,Customer HAWB,OPS,vendor,20/07/2023
01GHLV1,Customer HAWB,OPS,vendor,20/07/2023
01GHACU,Customer HAWB,OPS,vendor,20/07/2023
01GHAD8,Customer HAWB,OPS,vendor,20/07/2023
01GHDFD,Customer HAWB,OPS,vendor,20/07/2023
01GG9GT,Customer HAWB,OPS,vendor,20/07/2023
01GG9PC,Customer HAWB,OPS,vendor,20/07/2023
01GG9PL,Customer HAWB,OPS,vendor,20/07/2023
01GH9EX,Customer HAWB,OPS,vendor,20/07/2023
01GH9FN,Customer HAWB,OPS,vendor,20/07/2023
01GH9EP,Customer HAWB,OPS,vendor,20/07/2023
01GH9F7,Customer HAWB,OPS,vendor,20/07/2023
01GHAQP,Customer HAWB,OPS,vendor,20/07/2023
01GH9D4,Customer HAWB,OPS,vendor,20/07/2023
01GHMPE,Customer HAWB,OPS,vendor,20/07/2023
01GHN2V,Customer HAWB,OPS,vendor,20/07/2023
01GHN1L,Customer HAWB,OPS,vendor,20/07/2023
01GHLU2,Customer HAWB,OPS,vendor,20/07/2023
01GHJN1,Customer HAWB,OPS,vendor,20/07/2023
01GHJHV,Customer HAWB,OPS,vendor,20/07/2023
01GHJKX,Customer HAWB,OPS,vendor,20/07/2023
01GHJND,Customer HAWB,OPS,vendor,20/07/2023
01GHJHR,Customer HAWB,OPS,vendor,20/07/2023
01GHJVW,Customer HAWB,OPS,vendor,20/07/2023
01GHG6R,Customer HAWB,OPS,vendor,20/07/2023
01GHHQN,Customer HAWB,OPS,vendor,20/07/2023
01GHHQT,Customer HAWB,OPS,vendor,20/07/2023
01GHHPN,Customer HAWB,OPS,vendor,20/07/2023
01GHHPK,Customer HAWB,OPS,vendor,20/07/2023
01GHHPG,Customer HAWB,OPS,vendor,20/07/2023
01GHHNP,Customer HAWB,OPS,vendor,20/07/2023
01GHHP3,Customer HAWB,OPS,vendor,20/07/2023
01GHETM,Customer HAWB,OPS,vendor,20/07/2023
01GHEL2,Customer HAWB,OPS,vendor,20/07/2023
01GHEMX,Customer HAWB,OPS,vendor,20/07/2023
01GGC18,Customer HAWB,OPS,vendor,20/07/2023
01GHDAY,Customer HAWB,OPS,vendor,20/07/2023
01GHD7V,Customer HAWB,OPS,vendor,20/07/2023
01GHDC9,Customer HAWB,OPS,vendor,20/07/2023
01GH799,Customer HAWB,OPS,vendor,20/07/2023
01GGAX1,Customer HAWB,OPS,vendor,20/07/2023
01GHD5K,Customer HAWB,OPS,vendor,20/07/2023
01GHG04,Customer HAWB,OPS,vendor,20/07/2023
01GHH8A,Customer HAWB,OPS,vendor,20/07/2023
01GHG1F,Customer HAWB,OPS,vendor,20/07/2023
01GHFYN,Customer HAWB,OPS,vendor,20/07/2023
01GHFX6,Customer HAWB,OPS,vendor,20/07/2023
01GHFX8,Customer HAWB,OPS,vendor,20/07/2023
01GHJLD,Customer HAWB,OPS,vendor,20/07/2023
01GHD4R,Customer HAWB,OPS,vendor,20/07/2023
01GHHA4,Customer HAWB,OPS,vendor,20/07/2023
01GHG8E,Customer HAWB,OPS,vendor,20/07/2023
01GHG7P,Customer HAWB,OPS,vendor,20/07/2023
01GHG87,Customer HAWB,OPS,vendor,20/07/2023
01GHG49,Customer HAWB,OPS,vendor,20/07/2023
01GHG8C,Customer HAWB,OPS,vendor,20/07/2023
01GHH8Q,Customer HAWB,OPS,vendor,20/07/2023
01GG97Y,Customer HAWB,OPS,vendor,20/07/2023
01GG97E,Customer HAWB,OPS,vendor,20/07/2023
01GG9DK,Customer HAWB,OPS,vendor,20/07/2023
01GG9CP,Customer HAWB,OPS,vendor,20/07/2023
01GKEQK,Customer HAWB,OPS,vendor,20/07/2023
01GGC6V,Customer HAWB,OPS,vendor,20/07/2023
01GG2YP,Customer HAWB,OPS,vendor,20/07/2023
01GG05R,Customer HAWB,OPS,vendor,20/07/2023
01GG099,Customer HAWB,OPS,vendor,20/07/2023
01GG09F,Customer HAWB,OPS,vendor,20/07/2023
01GFY7Q,Customer HAWB,OPS,vendor,20/07/2023
01GFY6G,Customer HAWB,OPS,vendor,20/07/2023
01GG1VW,Customer HAWB,OPS,vendor,20/07/2023
01GG340,Customer HAWB,OPS,vendor,20/07/2023
01GG350,Customer HAWB,OPS,vendor,20/07/2023
01GG1KU,Customer HAWB,OPS,vendor,20/07/2023
01GFXRM,Customer HAWB,OPS,vendor,20/07/2023
01GFXXE,Customer HAWB,OPS,vendor,20/07/2023
01GFXX3,Customer HAWB,OPS,vendor,20/07/2023
01GG39R,Customer HAWB,OPS,vendor,20/07/2023
01GG39M,Customer HAWB,OPS,vendor,20/07/2023
01GG39V,Customer HAWB,OPS,vendor,20/07/2023
01GG339,Customer HAWB,OPS,vendor,20/07/2023
01GPAJA,HAWB,OPS,vendor,20/07/2023
01GQUU4,Order Type,BSO,vendor,20/07/2023
01GQA37,Order Type,BSO,vendor,20/07/2023
01GK406,Requested Service,BSO,vendor,20/07/2023
01GK0Y4,Requested Service,BSO,vendor,20/07/2023
01GTLTD,Requested Service,BSO,vendor,20/07/2023
01GUK3M,Tracking Number,OPS,vendor,20/07/2023
01GUK4K,Tracking Number,OPS,vendor,20/07/2023
01GUK49,Tracking Number,OPS,vendor,20/07/2023
01GUK42,Tracking Number,OPS,vendor,20/07/2023
01GUK3X,Tracking Number,OPS,vendor,20/07/2023
01GUFXP,Tracking Number,OPS,vendor,20/07/2023
01GU33Y,Tracking Number,OPS,vendor,20/07/2023
01GNU5P,Tracking Number,OPS,vendor,20/07/2023
01GKEQK,Tracking Number,OPS,vendor,20/07/2023
01GG6E8,Priority,BSO,white glove,20/07/2023
01GG3CR,Priority,BSO,white glove,20/07/2023
01GG6E5,Priority,BSO,white glove,20/07/2023
01GFXX6,Priority,BSO,white glove,20/07/2023
01GG9LJ,Priority,BSO,white glove,20/07/2023
01GG0Q2,Priority,BSO,white glove,20/07/2023
01GGAT2,Priority,BSO,white glove,20/07/2023
01GG6E9,Priority,BSO,white glove,20/07/2023
01GFXX7,Priority,BSO,white glove,20/07/2023
01GFXX4,Priority,BSO,white glove,20/07/2023
01GG6E6,Priority,BSO,white glove,20/07/2023
01GG1Y1,Priority,BSO,white glove,20/07/2023
01GG6E7,Priority,BSO,white glove,20/07/2023
01GFXX5,Priority,BSO,white glove,20/07/2023
01GFXX8,Priority,BSO,white glove,20/07/2023
01GRA0D,Tracking Number,OPS,white glove,20/07/2023
01GTWC6,Tracking Number,OPS,white glove,20/07/2023
01GTWAX,Tracking Number,OPS,white glove,20/07/2023
01GTWAU,Tracking Number,OPS,white glove,20/07/2023
01GTWAY,Tracking Number,OPS,white glove,20/07/2023
01GTWC7,Tracking Number,OPS,white glove,20/07/2023
01GTWAT,Tracking Number,OPS,white glove,20/07/2023
01GTWC5,Tracking Number,OPS,white glove,20/07/2023
01GTWAQ,Tracking Number,OPS,white glove,20/07/2023
01GTWAV,Tracking Number,OPS,white glove,20/07/2023
01GTWC0,Tracking Number,OPS,white glove,20/07/2023
01GTWC2,Tracking Number,OPS,white glove,20/07/2023
01GTWC3,Tracking Number,OPS,white glove,20/07/2023
01GTWAR,Tracking Number,OPS,white glove,20/07/2023
01GTWC1,Tracking Number,OPS,white glove,20/07/2023
01GTWC4,Tracking Number,OPS,white glove,20/07/2023
01GTWAW,Tracking Number,OPS,white glove,20/07/2023
01GNNEJ,Tracking Number,OPS,white glove,20/07/2023
01GNNEL,Tracking Number,OPS,white glove,20/07/2023
01GNNEH,Tracking Number,OPS,white glove,20/07/2023
01GNNEK,Tracking Number,OPS,white glove,20/07/2023
01GQAP4,Tracking Number,OPS,white glove,20/07/2023
01GTE9Q,Tracking Number,OPS,white glove,20/07/2023
01GTE92,Tracking Number,OPS,white glove,20/07/2023
01GULJL,HAWB,OPS,white glove,20/07/2023
01GRA0D,HAWB,OPS,white glove,20/07/2023
01GNNEJ,HAWB,OPS,white glove,20/07/2023
01GNNEL,HAWB,OPS,white glove,20/07/2023
01GNNEH,HAWB,OPS,white glove,20/07/2023
01GNNEK,HAWB,OPS,white glove,20/07/2023
01GQAP4,HAWB,OPS,white glove,20/07/2023
01GG6E8,Service Level,BSO,white glove,20/07/2023
01GG3CR,Service Level,BSO,white glove,20/07/2023
01GG6E5,Service Level,BSO,white glove,20/07/2023
01GFXX6,Service Level,BSO,white glove,20/07/2023
01GG9LJ,Service Level,BSO,white glove,20/07/2023
01GG0Q2,Service Level,BSO,white glove,20/07/2023
01GGAT2,Service Level,BSO,white glove,20/07/2023
01GG6E9,Service Level,BSO,white glove,20/07/2023
01GFXX7,Service Level,BSO,white glove,20/07/2023
01GFXX4,Service Level,BSO,white glove,20/07/2023
01GG6E6,Service Level,BSO,white glove,20/07/2023
01GG1Y1,Service Level,BSO,white glove,20/07/2023
01GG6E7,Service Level,BSO,white glove,20/07/2023
01GFXX5,Service Level,BSO,white glove,20/07/2023
01GFXX8,Service Level,BSO,white glove,20/07/2023
01GUU27,Scac Code,BSO,white glove,20/07/2023
01GUU2A,Scac Code,BSO,white glove,20/07/2023
01GUU2J,Scac Code,BSO,white glove,20/07/2023
01GUU2K,Scac Code,BSO,white glove,20/07/2023
01GUU2F,Scac Code,BSO,white glove,20/07/2023
01GUU2C,Scac Code,BSO,white glove,20/07/2023
01GUU29,Scac Code,BSO,white glove,20/07/2023
01GULJL,DEL BE,OPS,white glove,20/07/2023
01GTAF5,DEL BE,OPS,white glove,20/07/2023
01GT2W6,DEL BE,OPS,white glove,20/07/2023
01GRN0A,DEL BE,OPS,white glove,20/07/2023
01GK821,Priority,BSO,kyndryl,20/07/2023
01GKGXK,Priority,BSO,kyndryl,20/07/2023
01GH9JP,Priority,BSO,kyndryl,20/07/2023
01GH9JD,Priority,BSO,kyndryl,20/07/2023
01GLR69,Priority,BSO,kyndryl,20/07/2023
01GLKTV,Priority,BSO,kyndryl,20/07/2023
01GKCD0,Priority,BSO,kyndryl,20/07/2023
01GQX91,Priority,BSO,kyndryl,20/07/2023
01GKN8K,Priority,BSO,kyndryl,20/07/2023
01GPHRW,Priority,BSO,kyndryl,20/07/2023
01GTCJW,Priority,BSO,kyndryl,20/07/2023
01GK821,Service Level,BSO,kyndryl,20/07/2023
01GKGXK,Service Level,BSO,kyndryl,20/07/2023
01GH9JP,Service Level,BSO,kyndryl,20/07/2023
01GH9JD,Service Level,BSO,kyndryl,20/07/2023
01GLR69,Service Level,BSO,kyndryl,20/07/2023
01GLKTV,Service Level,BSO,kyndryl,20/07/2023
01GKCD0,Service Level,BSO,kyndryl,20/07/2023
01GQX91,Service Level,BSO,kyndryl,20/07/2023
01GKN8K,Service Level,BSO,kyndryl,20/07/2023
01GPHRW,Service Level,BSO,kyndryl,20/07/2023
01GTCJW,Service Level,BSO,kyndryl,20/07/2023
01GK821,Loading Name,BSO,kyndryl,20/07/2023
01GKGXK,Loading Name,BSO,kyndryl,20/07/2023
01GH9JD,Loading Name,BSO,kyndryl,20/07/2023
01GLR69,Loading Name,BSO,kyndryl,20/07/2023
01GLKTV,Loading Name,BSO,kyndryl,20/07/2023
01GKCD0,Loading Name,BSO,kyndryl,20/07/2023
01GQX91,Loading Name,BSO,kyndryl,20/07/2023
01GKN8K,Loading Name,BSO,kyndryl,20/07/2023
01GPHRW,Loading Name,BSO,kyndryl,20/07/2023
01GTCJW,Loading Name,BSO,kyndryl,20/07/2023
01GK821,Loading Address,BSO,kyndryl,20/07/2023
01GKGXK,Loading Address,BSO,kyndryl,20/07/2023
01GH9JD,Loading Address,BSO,kyndryl,20/07/2023
01GLR69,Loading Address,BSO,kyndryl,20/07/2023
01GLKTV,Loading Address,BSO,kyndryl,20/07/2023
01GKCD0,Loading Address,BSO,kyndryl,20/07/2023
01GQX91,Loading Address,BSO,kyndryl,20/07/2023
01GKN8K,Loading Address,BSO,kyndryl,20/07/2023
01GPHRW,Loading Address,BSO,kyndryl,20/07/2023
01GTCJW,Loading Address,BSO,kyndryl,20/07/2023
01GTCJU,Unloading Name,BSO,kyndryl,20/07/2023
01GK821,Unloading Name,BSO,kyndryl,20/07/2023
01GKGXK,Unloading Name,BSO,kyndryl,20/07/2023
01GH9JD,Unloading Name,BSO,kyndryl,20/07/2023
01GLR69,Unloading Name,BSO,kyndryl,20/07/2023
01GLKTV,Unloading Name,BSO,kyndryl,20/07/2023
01GKCD0,Unloading Name,BSO,kyndryl,20/07/2023
01GQX91,Unloading Name,BSO,kyndryl,20/07/2023
01GKN8K,Unloading Name,BSO,kyndryl,20/07/2023
01GPHRW,Unloading Name,BSO,kyndryl,20/07/2023
01GTCJW,Unloading Name,BSO,kyndryl,20/07/2023
01GK821,Unloading Address,BSO,kyndryl,20/07/2023
01GKGXK,Unloading Address,BSO,kyndryl,20/07/2023
01GH9JD,Unloading Address,BSO,kyndryl,20/07/2023
01GLR69,Unloading Address,BSO,kyndryl,20/07/2023
01GLKTV,Unloading Address,BSO,kyndryl,20/07/2023
01GKCD0,Unloading Address,BSO,kyndryl,20/07/2023
01GQX91,Unloading Address,BSO,kyndryl,20/07/2023
01GKN8K,Unloading Address,BSO,kyndryl,20/07/2023
01GPHRW,Unloading Address,BSO,kyndryl,20/07/2023
01GTCJW,Unloading Address,BSO,kyndryl,20/07/2023
01GK821,Expected Qty.,OPS,kyndryl,20/07/2023
01GKGXK,Expected Qty.,OPS,kyndryl,20/07/2023
01GT8T0,HAWB,OPS,kyndryl,20/07/2023
01GUTWW,HAWB,OPS,kyndryl,20/07/2023
01GUV7M,HAWB,OPS,kyndryl,20/07/2023
01GUPU3,HAWB,OPS,kyndryl,20/07/2023
01GUPTX,HAWB,OPS,kyndryl,20/07/2023
01GUV8Q,HAWB,OPS,kyndryl,20/07/2023
01GUMN0,HAWB,OPS,kyndryl,20/07/2023
01GUFTY,HAWB,OPS,kyndryl,20/07/2023
01GUPKU,HAWB,OPS,kyndryl,20/07/2023
01GUN2V,HAWB,OPS,kyndryl,20/07/2023
01GUFTG,HAWB,OPS,kyndryl,20/07/2023
01GULMR,HAWB,OPS,kyndryl,20/07/2023
01GUV6T,HAWB,OPS,kyndryl,20/07/2023
01GUR21,HAWB,OPS,kyndryl,20/07/2023
01GUN06,HAWB,OPS,kyndryl,20/07/2023
01GUN73,HAWB,OPS,kyndryl,20/07/2023
01GUN39,HAWB,OPS,kyndryl,20/07/2023
01GULH0,HAWB,OPS,kyndryl,20/07/2023
01GUWCE,HAWB,OPS,kyndryl,20/07/2023
01GUW9J,HAWB,OPS,kyndryl,20/07/2023
01GUPLD,HAWB,OPS,kyndryl,20/07/2023
01GTNVF,HAWB,OPS,kyndryl,20/07/2023
01GK821,HAWB,OPS,kyndryl,20/07/2023
01GPFW8,HAWB,OPS,kyndryl,20/07/2023
01GKGXK,HAWB,OPS,kyndryl,20/07/2023
01GLR69,HAWB,OPS,kyndryl,20/07/2023
01GLKTV,HAWB,OPS,kyndryl,20/07/2023
01GKCD0,HAWB,OPS,kyndryl,20/07/2023
01GQX91,HAWB,OPS,kyndryl,20/07/2023
01GNNAM,HAWB,OPS,kyndryl,20/07/2023
01GKN8K,HAWB,OPS,kyndryl,20/07/2023
01GPHRW,HAWB,OPS,kyndryl,20/07/2023
01GTCJW,HAWB,OPS,kyndryl,20/07/2023
01GNYQ0,HAWB,EMEA/APAC COE,kyndryl,20/07/2023
01GT8T0,Tracking Number,OPS,kyndryl,20/07/2023
01GTDQV,Tracking Number,OPS,kyndryl,20/07/2023
01GTDQX,Tracking Number,OPS,kyndryl,20/07/2023
01GTDQY,Tracking Number,OPS,kyndryl,20/07/2023
01GTREW,Tracking Number,OPS,kyndryl,20/07/2023
01GTCJU,Tracking Number,OPS,kyndryl,20/07/2023
01GUTWW,Tracking Number,OPS,kyndryl,20/07/2023
01GUV7M,Tracking Number,OPS,kyndryl,20/07/2023
01GRP8H,Tracking Number,OPS,kyndryl,20/07/2023
01GUPU3,Tracking Number,OPS,kyndryl,20/07/2023
01GUDPC,Tracking Number,OPS,kyndryl,20/07/2023
01GUPTX,Tracking Number,OPS,kyndryl,20/07/2023
01GUV8Q,Tracking Number,OPS,kyndryl,20/07/2023
01GUDP5,Tracking Number,OPS,kyndryl,20/07/2023
01GUDP9,Tracking Number,OPS,kyndryl,20/07/2023
01GUMN0,Tracking Number,OPS,kyndryl,20/07/2023
01GUFTY,Tracking Number,OPS,kyndryl,20/07/2023
01GUPKU,Tracking Number,OPS,kyndryl,20/07/2023
01GUN2V,Tracking Number,OPS,kyndryl,20/07/2023
01GUFTG,Tracking Number,OPS,kyndryl,20/07/2023
01GULMR,Tracking Number,OPS,kyndryl,20/07/2023
01GUV6T,Tracking Number,OPS,kyndryl,20/07/2023
01GUR21,Tracking Number,OPS,kyndryl,20/07/2023
01GUN06,Tracking Number,OPS,kyndryl,20/07/2023
01GUN73,Tracking Number,OPS,kyndryl,20/07/2023
01GUN39,Tracking Number,OPS,kyndryl,20/07/2023
01GULH0,Tracking Number,OPS,kyndryl,20/07/2023
01GUWCE,Tracking Number,OPS,kyndryl,20/07/2023
01GUW9J,Tracking Number,OPS,kyndryl,20/07/2023
01GUPLD,Tracking Number,OPS,kyndryl,20/07/2023
01GTNVF,Tracking Number,OPS,kyndryl,20/07/2023
01GK821,Tracking Number,OPS,kyndryl,20/07/2023
01GPFW8,Tracking Number,OPS,kyndryl,20/07/2023
01GKGXK,Tracking Number,OPS,kyndryl,20/07/2023
01GLR69,Tracking Number,OPS,kyndryl,20/07/2023
01GLKTV,Tracking Number,OPS,kyndryl,20/07/2023
01GKCD0,Tracking Number,OPS,kyndryl,20/07/2023
01GQX91,Tracking Number,OPS,kyndryl,20/07/2023
01GKN8K,Tracking Number,OPS,kyndryl,20/07/2023
01GPHRW,Tracking Number,OPS,kyndryl,20/07/2023
01GTCJW,Tracking Number,OPS,kyndryl,20/07/2023
01GNW75,Tracking Number,EMEA/APAC COE,kyndryl,20/07/2023
01GN87U,Tracking Number,EMEA/APAC COE,kyndryl,20/07/2023
01GUN06,Loading Town,BSO,kyndryl,20/07/2023
01GULH0,Loading Town,BSO,kyndryl,20/07/2023
01GT8T0,DEL BE,OPS,kyndryl,20/07/2023
01GQAMP,DEL BE,OPS,kyndryl,20/07/2023
01GK821,DEL BE,OPS,kyndryl,20/07/2023
01GPFW8,DEL BE,OPS,kyndryl,20/07/2023
01GKGXK,DEL BE,OPS,kyndryl,20/07/2023
01GH9JP,DEL BE,OPS,kyndryl,20/07/2023
01GH9JD,DEL BE,OPS,kyndryl,20/07/2023
01GLR69,DEL BE,OPS,kyndryl,20/07/2023
01GLKTV,DEL BE,OPS,kyndryl,20/07/2023
01GKCD0,DEL BE,OPS,kyndryl,20/07/2023
01GQX91,DEL BE,OPS,kyndryl,20/07/2023
01GKN8K,DEL BE,OPS,kyndryl,20/07/2023
01GPHRW,DEL BE,OPS,kyndryl,20/07/2023
01GTCJW,DEL BE,OPS,kyndryl,20/07/2023
01GJEGM,Unloading Address,BSO,align,20/07/2023
01GGVFU,Unloading Address,BSO,align,20/07/2023
01GK7Q3,Unloading Address,BSO,align,20/07/2023
01GK5HK,Unloading Address,BSO,align,20/07/2023
01GHQFR,Unloading Address,BSO,align,20/07/2023
01GLY93,DEL BE,OPS,align,20/07/2023
01GLY92,DEL BE,OPS,align,20/07/2023
01GULJ2,DEL BE,OPS,align,20/07/2023
01GQGAF,DEL BE,OPS,align,20/07/2023
01GQGAF,HAWB,OPS,align,20/07/2023
01GMVYW,HAWB,OPS,align,20/07/2023
01GGVP3,Tracking Number,OPS,align,20/07/2023
01GQGAF,Tracking Number,OPS,align,20/07/2023
01GMVYW,Tracking Number,OPS,align,20/07/2023
01GGN5V,Tracking Number,EMEA/APAC COE,align,20/07/2023
01GHJ40,Tracking Number,EMEA/APAC COE,align,20/07/2023
01GJJL1,Tracking Number,EMEA/APAC COE,align,20/07/2023
01GHHLP,Tracking Number,EMEA/APAC COE,align,20/07/2023
01GGCQN,Tracking Number,EMEA/APAC COE,align,20/07/2023
01GGAJ3,Tracking Number,EMEA/APAC COE,align,20/07/2023
01GGEVA,Tracking Number,EMEA/APAC COE,align,20/07/2023
01GGAJK,Tracking Number,EMEA/APAC COE,align,20/07/2023
01GGCLT,Tracking Number,EMEA/APAC COE,align,20/07/2023
01GGAKE,Tracking Number,EMEA/APAC COE,align,20/07/2023
01GGAH4,Tracking Number,EMEA/APAC COE,align,20/07/2023
01GGCR1,Tracking Number,EMEA/APAC COE,align,20/07/2023
01GGAGN,Tracking Number,EMEA/APAC COE,align,20/07/2023
01GGAKT,Tracking Number,EMEA/APAC COE,align,20/07/2023
01GGN3W,Tracking Number,EMEA/APAC COE,align,20/07/2023
01GH90E,Tracking Number,EMEA/APAC COE,align,20/07/2023
01GGED6,Tracking Number,EMEA/APAC COE,align,20/07/2023
01GGAKQ,Tracking Number,EMEA/APAC COE,align,20/07/2023
01GGW07,Tracking Number,EMEA/APAC COE,align,20/07/2023
01GGW5T,Tracking Number,EMEA/APAC COE,align,20/07/2023
01GHGP7,Tracking Number,EMEA/APAC COE,align,20/07/2023
01GHQR2,Tracking Number,EMEA/APAC COE,align,20/07/2023
01GHJ8C,Tracking Number,EMEA/APAC COE,align,20/07/2023
01GHJ21,Tracking Number,EMEA/APAC COE,align,20/07/2023
01GJ3T2,Tracking Number,EMEA/APAC COE,align,20/07/2023
01GHL3H,Tracking Number,EMEA/APAC COE,align,20/07/2023
01GHL3N,Tracking Number,EMEA/APAC COE,align,20/07/2023
01GJ22P,Tracking Number,EMEA/APAC COE,align,20/07/2023
